rank,country,crime_index,safety_index,year,safety_tier,crime_yoy
6,Afghanistan,73.9,26.1,2017,Unsafe,
5,Afghanistan,76.6,23.4,2019,Very Unsafe,2.6999999999999886
4,Afghanistan,76.2,23.8,2020,Very Unsafe,-0.3999999999999915
4,Afghanistan,76.4,23.6,2021,Very Unsafe,0.20000000000000284
3,Afghanistan,77.0,23.0,2022,Very Unsafe,0.5999999999999943
3,Afghanistan,78.6,21.4,2023,Very Unsafe,1.5999999999999943
3,Afghanistan,78.3,21.7,2024,Very Unsafe,-0.29999999999999716
4,Afghanistan,75.1,24.9,2025,Very Unsafe,-3.200000000000003
48,Albania,48.2,51.8,2016,Moderate,
65,Albania,44.3,55.7,2017,Safe,-3.9000000000000057
68,Albania,39.9,60.1,2018,Safe,-4.399999999999999
71,Albania,40.3,59.7,2019,Safe,0.3999999999999986
81,Albania,39.5,60.5,2020,Safe,-0.7999999999999972
79,Albania,41.6,58.4,2021,Safe,2.1000000000000014
71,Albania,46.1,53.9,2022,Moderate,4.5
75,Albania,45.7,54.3,2023,Moderate,-0.3999999999999986
76,Albania,45.6,54.4,2024,Moderate,-0.10000000000000142
80,Albania,44.7,55.3,2025,Safe,-0.8999999999999986
24,Algeria,57.6,42.4,2016,Moderate,
49,Algeria,49.6,50.4,2017,Moderate,-8.0
33,Algeria,50.7,49.3,2018,Moderate,1.1000000000000014
43,Algeria,48.3,51.7,2019,Moderate,-2.4000000000000057
41,Algeria,49.8,50.2,2020,Moderate,1.5
42,Algeria,51.9,48.1,2021,Moderate,2.1000000000000014
42,Algeria,53.8,46.2,2022,Moderate,1.8999999999999986
49,Algeria,52.6,47.4,2023,Moderate,-1.1999999999999957
50,Algeria,52.2,47.8,2024,Moderate,-0.3999999999999986
48,Algeria,52.6,47.4,2025,Moderate,0.3999999999999986
146,Andorra,12.9,87.1,2024,Very Safe,
147,Andorra,15.3,84.7,2025,Very Safe,2.4000000000000004
16,Angola,65.5,34.5,2017,Unsafe,
15,Angola,65.0,35.0,2020,Unsafe,-0.5
12,Angola,66.6,33.4,2021,Unsafe,1.5999999999999943
14,Angola,66.4,33.6,2022,Unsafe,-0.19999999999998863
14,Angola,65.4,34.6,2023,Unsafe,-1.0
13,Angola,66.5,33.5,2024,Unsafe,1.0999999999999943
13,Angola,66.3,33.7,2025,Unsafe,-0.20000000000000284
17,Argentina,63.3,36.7,2016,Unsafe,
22,Argentina,62.6,37.4,2017,Unsafe,-0.6999999999999957
17,Argentina,61.8,38.2,2018,Unsafe,-0.8000000000000043
17,Argentina,62.6,37.4,2019,Unsafe,0.8000000000000043
21,Argentina,61.8,38.2,2020,Unsafe,-0.8000000000000043
18,Argentina,63.3,36.7,2021,Unsafe,1.5
16,Argentina,64.1,35.9,2022,Unsafe,0.7999999999999972
18,Argentina,64.3,35.7,2023,Unsafe,0.20000000000000284
18,Argentina,64.2,35.8,2024,Unsafe,-0.09999999999999432
20,Argentina,63.4,36.6,2025,Unsafe,-0.8000000000000043
93,Armenia,31.1,68.9,2016,Safe,
107,Armenia,27.1,72.9,2017,Very Safe,-4.0
98,Armenia,28.3,71.7,2018,Very Safe,1.1999999999999993
108,Armenia,22.0,78.0,2019,Very Safe,-6.300000000000001
120,Armenia,21.6,78.4,2020,Very Safe,-0.3999999999999986
125,Armenia,23.3,76.7,2021,Very Safe,1.6999999999999993
134,Armenia,22.1,77.9,2022,Very Safe,-1.1999999999999993
136,Armenia,22.0,78.0,2023,Very Safe,-0.10000000000000142
139,Armenia,22.4,77.6,2024,Very Safe,0.3999999999999986
140,Armenia,22.1,77.9,2025,Very Safe,-0.29999999999999716
63,Australia,43.1,56.9,2016,Safe,
69,Australia,42.4,57.6,2017,Safe,-0.7000000000000028
59,Australia,42.5,57.5,2018,Safe,0.10000000000000142
61,Australia,42.8,57.2,2019,Safe,0.29999999999999716
72,Australia,41.4,58.6,2020,Safe,-1.3999999999999986
76,Australia,42.4,57.6,2021,Safe,1.0
80,Australia,43.8,56.2,2022,Safe,1.3999999999999986
76,Australia,45.5,54.5,2023,Moderate,1.7000000000000028
66,Australia,47.1,52.9,2024,Moderate,1.6000000000000014
67,Australia,47.3,52.7,2025,Moderate,0.19999999999999574
109,Austria,24.1,75.9,2016,Very Safe,
122,Austria,19.2,80.8,2017,Very Safe,-4.900000000000002
110,Austria,20.4,79.6,2018,Very Safe,1.1999999999999993
111,Austria,21.4,78.6,2019,Very Safe,1.0
116,Austria,23.7,76.3,2020,Very Safe,2.3000000000000007
121,Austria,25.2,74.8,2021,Very Safe,1.5
123,Austria,26.1,73.9,2022,Very Safe,0.9000000000000021
120,Austria,27.3,72.7,2023,Very Safe,1.1999999999999993
120,Austria,29.3,70.7,2024,Very Safe,2.0
118,Austria,29.5,70.5,2025,Very Safe,0.1999999999999993
87,Azerbaijan,32.4,67.6,2016,Safe,
108,Azerbaijan,27.1,72.9,2017,Very Safe,-5.299999999999997
92,Azerbaijan,30.5,69.5,2018,Safe,3.3999999999999986
92,Azerbaijan,31.7,68.3,2019,Safe,1.1999999999999993
98,Azerbaijan,31.6,68.4,2020,Safe,-0.09999999999999787
104,Azerbaijan,31.7,68.3,2021,Safe,0.09999999999999787
108,Azerbaijan,32.3,67.7,2022,Safe,0.5999999999999979
110,Azerbaijan,31.8,68.2,2023,Safe,-0.49999999999999645
114,Azerbaijan,31.6,68.4,2024,Safe,-0.1999999999999993
114,Azerbaijan,31.8,68.2,2025,Safe,0.1999999999999993
20,Bahamas,63.2,36.8,2017,Unsafe,
18,Bahamas,62.9,37.1,2020,Unsafe,-0.30000000000000426
19,Bahamas,62.3,37.7,2021,Unsafe,-0.6000000000000014
20,Bahamas,62.5,37.5,2022,Unsafe,0.20000000000000284
21,Bahamas,62.4,37.6,2023,Unsafe,-0.10000000000000142
35,Bahamas,56.5,43.5,2024,Moderate,-5.899999999999999
33,Bahamas,56.9,43.1,2025,Moderate,0.3999999999999986
78,Bahrain,37.3,62.7,2016,Safe,
89,Bahrain,35.3,64.7,2017,Safe,-2.0
80,Bahrain,37.0,63.0,2018,Safe,1.7000000000000028
88,Bahrain,32.9,67.1,2019,Safe,-4.100000000000001
103,Bahrain,29.3,70.7,2020,Very Safe,-3.599999999999998
117,Bahrain,26.1,73.9,2021,Very Safe,-3.1999999999999993
127,Bahrain,24.4,75.6,2022,Very Safe,-1.7000000000000028
133,Bahrain,24.0,76.0,2023,Very Safe,-0.3999999999999986
134,Bahrain,23.9,76.1,2024,Very Safe,-0.10000000000000142
132,Bahrain,24.5,75.5,2025,Very Safe,0.6000000000000014
11,Bangladesh,68.6,31.4,2016,Unsafe,
14,Bangladesh,67.2,32.8,2017,Unsafe,-1.3999999999999915
8,Bangladesh,68.5,31.5,2018,Unsafe,1.2999999999999972
11,Bangladesh,65.8,34.2,2019,Unsafe,-2.700000000000003
16,Bangladesh,63.9,36.1,2020,Unsafe,-1.8999999999999986
15,Bangladesh,64.2,35.8,2021,Unsafe,0.30000000000000426
18,Bangladesh,63.4,36.6,2022,Unsafe,-0.8000000000000043
20,Bangladesh,62.6,37.4,2023,Unsafe,-0.7999999999999972
25,Bangladesh,61.5,38.5,2024,Unsafe,-1.1000000000000014
22,Bangladesh,61.6,38.4,2025,Unsafe,0.10000000000000142
65,Barbados,46.6,53.4,2022,Moderate,
61,Barbados,47.9,52.1,2023,Moderate,1.2999999999999972
67,Barbados,47.1,52.9,2024,Moderate,-0.7999999999999972
79,Barbados,44.9,55.1,2025,Safe,-2.200000000000003
102,Belarus,27.6,72.4,2016,Very Safe,
116,Belarus,22.3,77.7,2017,Very Safe,-5.300000000000001
101,Belarus,26.6,73.4,2018,Very Safe,4.300000000000001
103,Belarus,23.5,76.5,2019,Very Safe,-3.1000000000000014
114,Belarus,25.0,75.0,2020,Very Safe,1.5
22,Belarus,60.3,39.7,2021,Unsafe,35.3
27,Belarus,58.4,41.6,2022,Moderate,-1.8999999999999986
34,Belarus,56.4,43.6,2023,Moderate,-2.0
53,Belarus,50.8,49.2,2024,Moderate,-5.600000000000001
57,Belarus,49.8,50.2,2025,Moderate,-1.0
57,Belgium,45.2,54.8,2016,Moderate,
64,Belgium,44.5,55.5,2017,Safe,-0.7000000000000028
60,Belgium,42.2,57.8,2018,Safe,-2.299999999999997
64,Belgium,42.5,57.5,2019,Safe,0.29999999999999716
64,Belgium,44.0,56.0,2020,Safe,1.5
69,Belgium,44.2,55.8,2021,Safe,0.20000000000000284
74,Belgium,45.4,54.6,2022,Moderate,1.1999999999999957
54,Belgium,49.1,50.9,2023,Moderate,3.700000000000003
59,Belgium,49.2,50.8,2024,Moderate,0.10000000000000142
58,Belgium,49.4,50.6,2025,Moderate,0.19999999999999574
43,Belize,51.3,48.7,2021,Moderate,
48,Belize,51.5,48.5,2022,Moderate,0.20000000000000284
44,Belize,53.1,46.9,2023,Moderate,1.6000000000000014
44,Belize,53.0,47.0,2024,Moderate,-0.10000000000000142
46,Belize,52.7,47.3,2025,Moderate,-0.29999999999999716
27,Bolivia,56.6,43.4,2016,Moderate,
26,Bolivia,59.5,40.5,2017,Moderate,2.8999999999999986
27,Bolivia,52.9,47.1,2018,Moderate,-6.600000000000001
28,Bolivia,53.3,46.7,2019,Moderate,0.3999999999999986
38,Bolivia,52.9,47.1,2020,Moderate,-0.3999999999999986
35,Bolivia,55.4,44.6,2021,Moderate,2.5
28,Bolivia,58.3,41.7,2022,Moderate,2.8999999999999986
25,Bolivia,60.8,39.2,2023,Unsafe,2.5
17,Bolivia,64.6,35.4,2024,Unsafe,3.799999999999997
15,Bolivia,65.0,35.0,2025,Unsafe,0.4000000000000057
66,Bosnia And Herzegovina,42.5,57.5,2016,Safe,
72,Bosnia And Herzegovina,41.0,59.0,2017,Safe,-1.5
67,Bosnia And Herzegovina,40.1,59.9,2018,Safe,-0.8999999999999986
60,Bosnia And Herzegovina,43.8,56.2,2019,Safe,3.6999999999999957
69,Bosnia And Herzegovina,43.0,57.0,2020,Safe,-0.7999999999999972
75,Bosnia And Herzegovina,43.0,57.0,2021,Safe,0.0
86,Bosnia And Herzegovina,42.2,57.8,2022,Safe,-0.7999999999999972
83,Bosnia And Herzegovina,42.9,57.1,2023,Safe,0.6999999999999957
94,Bosnia And Herzegovina,40.9,59.1,2024,Safe,-2.0
90,Bosnia And Herzegovina,41.7,58.3,2025,Safe,0.8000000000000043
28,Botswana,58.2,41.8,2017,Moderate,
36,Botswana,53.5,46.5,2020,Moderate,-4.700000000000003
40,Botswana,52.8,47.2,2021,Moderate,-0.7000000000000028
47,Botswana,52.4,47.6,2022,Moderate,-0.3999999999999986
43,Botswana,53.7,46.3,2023,Moderate,1.3000000000000043
48,Botswana,52.2,47.8,2024,Moderate,-1.5
47,Botswana,52.7,47.3,2025,Moderate,0.5
9,Brazil,71.2,28.8,2016,Unsafe,
9,Brazil,70.6,29.4,2017,Unsafe,-0.6000000000000085
6,Brazil,70.6,29.4,2018,Unsafe,0.0
7,Brazil,70.2,29.8,2019,Unsafe,-0.3999999999999915
7,Brazil,68.9,31.1,2020,Unsafe,-1.2999999999999972
10,Brazil,67.8,32.2,2021,Unsafe,-1.1000000000000085
12,Brazil,67.0,33.0,2022,Unsafe,-0.7999999999999972
12,Brazil,66.6,33.4,2023,Unsafe,-0.4000000000000057
15,Brazil,65.6,34.4,2024,Unsafe,-1.0
16,Brazil,64.5,35.5,2025,Unsafe,-1.0999999999999943
79,Brunei,37.0,63.0,2016,Safe,
87,Brunei,36.1,63.9,2017,Safe,-0.8999999999999986
107,Brunei,27.7,72.3,2020,Very Safe,-8.400000000000002
112,Brunei,28.0,72.0,2021,Very Safe,0.3000000000000007
116,Brunei,29.0,71.0,2022,Very Safe,1.0
117,Brunei,29.0,71.0,2023,Very Safe,0.0
119,Brunei,29.5,70.5,2024,Very Safe,0.5
119,Brunei,29.3,70.7,2025,Very Safe,-0.1999999999999993
70,Bulgaria,41.4,58.6,2016,Safe,
75,Bulgaria,40.2,59.8,2017,Safe,-1.1999999999999957
69,Bulgaria,39.7,60.3,2018,Safe,-0.5
72,Bulgaria,40.0,60.0,2019,Safe,0.29999999999999716
85,Bulgaria,38.5,61.5,2020,Safe,-1.5
90,Bulgaria,38.1,61.9,2021,Safe,-0.3999999999999986
96,Bulgaria,38.7,61.3,2022,Safe,0.6000000000000014
97,Bulgaria,38.0,62.0,2023,Safe,-0.7000000000000028
103,Bulgaria,37.1,62.9,2024,Safe,-0.8999999999999986
103,Bulgaria,36.1,63.9,2025,Safe,-1.0
46,Cambodia,48.2,51.8,2016,Moderate,
32,Cambodia,54.6,45.4,2017,Moderate,6.399999999999999
24,Cambodia,54.4,45.6,2018,Moderate,-0.20000000000000284
34,Cambodia,51.3,48.7,2019,Moderate,-3.1000000000000014
40,Cambodia,50.7,49.3,2020,Moderate,-0.5999999999999943
45,Cambodia,51.2,48.8,2021,Moderate,0.5
50,Cambodia,50.7,49.3,2022,Moderate,-0.5
45,Cambodia,52.9,47.1,2023,Moderate,2.1999999999999957
45,Cambodia,52.8,47.2,2024,Moderate,-0.10000000000000142
51,Cambodia,51.3,48.7,2025,Moderate,-1.5
13,Cameroon,66.6,33.4,2022,Unsafe,
15,Cameroon,64.8,35.2,2023,Unsafe,-1.7999999999999972
21,Cameroon,63.5,36.5,2024,Unsafe,-1.2999999999999972
14,Cameroon,65.5,34.5,2025,Unsafe,2.0
72,Canada,39.2,60.8,2016,Safe,
78,Canada,39.2,60.8,2017,Safe,0.0
72,Canada,39.3,60.7,2018,Safe,0.09999999999999432
74,Canada,39.5,60.5,2019,Safe,0.20000000000000284
80,Canada,39.7,60.3,2020,Safe,0.20000000000000284
81,Canada,41.2,58.8,2021,Safe,1.5
83,Canada,42.9,57.1,2022,Safe,1.6999999999999957
81,Canada,44.3,55.7,2023,Safe,1.3999999999999986
78,Canada,45.2,54.8,2024,Moderate,0.9000000000000057
73,Canada,45.7,54.3,2025,Moderate,0.5
117,Cayman Islands,30.8,69.2,2025,Safe,
68,Chile,42.0,58.0,2016,Safe,
55,Chile,47.5,52.5,2017,Moderate,5.5
47,Chile,46.5,53.5,2018,Moderate,-1.0
46,Chile,46.8,53.2,2019,Moderate,0.29999999999999716
59,Chile,45.2,54.8,2020,Moderate,-1.5999999999999943
41,Chile,52.1,47.9,2021,Moderate,6.899999999999999
40,Chile,54.0,46.0,2022,Moderate,1.8999999999999986
31,Chile,58.1,41.9,2023,Moderate,4.100000000000001
32,Chile,59.3,40.7,2024,Moderate,1.1999999999999957
27,Chile,60.5,39.5,2025,Unsafe,1.2000000000000028
88,China,32.1,67.9,2016,Safe,
92,China,33.9,66.1,2017,Safe,1.7999999999999972
71,China,39.4,60.6,2018,Safe,5.5
54,China,45.5,54.5,2019,Moderate,6.100000000000001
97,China,31.8,68.2,2020,Safe,-13.7
106,China,30.2,69.8,2021,Safe,-1.6000000000000014
115,China,29.4,70.6,2022,Very Safe,-0.8000000000000007
124,China,26.3,73.7,2023,Very Safe,-3.099999999999998
131,China,24.9,75.1,2024,Very Safe,-1.4000000000000021
133,China,24.0,76.0,2025,Very Safe,-0.8999999999999986
44,Colombia,48.5,51.5,2016,Moderate,
39,Colombia,51.7,48.3,2017,Moderate,3.200000000000003
34,Colombia,50.7,49.3,2018,Moderate,-1.0
35,Colombia,51.3,48.7,2019,Moderate,0.5999999999999943
33,Colombia,54.8,45.2,2020,Moderate,3.5
32,Colombia,55.8,44.2,2021,Moderate,1.0
31,Colombia,57.7,42.3,2022,Moderate,1.9000000000000057
27,Colombia,60.2,39.8,2023,Unsafe,2.5
27,Colombia,61.2,38.8,2024,Unsafe,1.0
24,Colombia,60.9,39.1,2025,Unsafe,-0.30000000000000426
25,Costa Rica,57.6,42.4,2016,Moderate,
30,Costa Rica,55.9,44.1,2017,Moderate,-1.7000000000000028
25,Costa Rica,53.9,46.1,2018,Moderate,-2.0
24,Costa Rica,56.1,43.9,2019,Moderate,2.200000000000003
32,Costa Rica,56.3,43.7,2020,Moderate,0.19999999999999574
36,Costa Rica,55.3,44.7,2021,Moderate,-1.0
41,Costa Rica,53.9,46.1,2022,Moderate,-1.3999999999999986
42,Costa Rica,53.8,46.2,2023,Moderate,-0.10000000000000142
43,Costa Rica,53.7,46.3,2024,Moderate,-0.09999999999999432
43,Costa Rica,54.1,45.9,2025,Moderate,0.3999999999999986
99,Croatia,29.5,70.5,2016,Very Safe,
105,Croatia,27.8,72.2,2017,Very Safe,-1.6999999999999993
100,Croatia,27.0,73.0,2018,Very Safe,-0.8000000000000007
101,Croatia,24.7,75.3,2019,Very Safe,-2.3000000000000007
115,Croatia,24.7,75.3,2020,Very Safe,0.0
122,Croatia,24.9,75.1,2021,Very Safe,0.1999999999999993
130,Croatia,24.1,75.9,2022,Very Safe,-0.7999999999999972
131,Croatia,24.6,75.4,2023,Very Safe,0.5
128,Croatia,26.0,74.0,2024,Very Safe,1.3999999999999986
130,Croatia,25.5,74.5,2025,Very Safe,-0.5
110,Cuba,27.5,72.5,2020,Very Safe,
110,Cuba,29.1,70.9,2021,Very Safe,1.6000000000000014
111,Cuba,30.9,69.1,2022,Safe,1.7999999999999972
111,Cuba,31.6,68.4,2023,Safe,0.7000000000000028
108,Cuba,33.4,66.6,2024,Safe,1.7999999999999972
105,Cuba,34.4,65.6,2025,Safe,1.0
95,Cyprus,30.2,69.8,2016,Safe,
94,Cyprus,32.5,67.5,2017,Safe,2.3000000000000007
93,Cyprus,30.2,69.8,2018,Safe,-2.3000000000000007
96,Cyprus,29.3,70.7,2019,Very Safe,-0.8999999999999986
100,Cyprus,30.0,70.0,2020,Very Safe,0.6999999999999993
103,Cyprus,32.0,68.0,2021,Safe,2.0
110,Cyprus,32.1,67.9,2022,Safe,0.10000000000000142
114,Cyprus,31.4,68.6,2023,Safe,-0.7000000000000028
112,Cyprus,32.4,67.6,2024,Safe,1.0
108,Cyprus,33.1,66.9,2025,Safe,0.7000000000000028
89,Czech Republic,32.1,67.9,2016,Safe,
100,Czech Republic,30.2,69.8,2017,Safe,-1.9000000000000021
97,Czech Republic,28.8,71.2,2018,Very Safe,-1.3999999999999986
100,Czech Republic,26.7,73.3,2019,Very Safe,-2.1000000000000014
112,Czech Republic,25.5,74.5,2020,Very Safe,-1.1999999999999993
119,Czech Republic,25.3,74.7,2021,Very Safe,-0.1999999999999993
124,Czech Republic,25.5,74.5,2022,Very Safe,0.1999999999999993
122,Czech Republic,26.6,73.4,2023,Very Safe,1.1000000000000014
122,Czech Republic,26.8,73.2,2024,Very Safe,0.1999999999999993
125,Czech Republic,26.5,73.5,2025,Very Safe,-0.3000000000000007
106,Denmark,25.7,74.3,2016,Very Safe,
117,Denmark,21.1,78.9,2017,Very Safe,-4.599999999999998
105,Denmark,22.0,78.0,2018,Very Safe,0.8999999999999986
102,Denmark,24.2,75.8,2019,Very Safe,2.1999999999999993
113,Denmark,25.1,74.9,2020,Very Safe,0.9000000000000021
116,Denmark,26.7,73.3,2021,Very Safe,1.5999999999999979
121,Denmark,26.6,73.4,2022,Very Safe,-0.09999999999999787
123,Denmark,26.6,73.4,2023,Very Safe,0.0
125,Denmark,26.3,73.7,2024,Very Safe,-0.3000000000000007
128,Denmark,26.0,74.0,2025,Very Safe,-0.3000000000000007
18,Dominican Republic,63.2,36.8,2016,Unsafe,
23,Dominican Republic,62.6,37.4,2017,Unsafe,-0.6000000000000014
18,Dominican Republic,61.5,38.5,2018,Unsafe,-1.1000000000000014
18,Dominican Republic,61.4,38.6,2019,Unsafe,-0.10000000000000142
23,Dominican Republic,61.2,38.8,2020,Unsafe,-0.19999999999999574
23,Dominican Republic,60.1,39.9,2021,Unsafe,-1.1000000000000014
22,Dominican Republic,60.9,39.1,2022,Unsafe,0.7999999999999972
23,Dominican Republic,61.2,38.8,2023,Unsafe,0.30000000000000426
29,Dominican Republic,60.5,39.5,2024,Unsafe,-0.7000000000000028
26,Dominican Republic,60.5,39.5,2025,Unsafe,0.0
34,Ecuador,52.9,47.1,2016,Moderate,
44,Ecuador,50.9,49.1,2017,Moderate,-2.0
39,Ecuador,49.2,50.8,2018,Moderate,-1.6999999999999957
40,Ecuador,49.0,51.0,2019,Moderate,-0.20000000000000284
39,Ecuador,50.9,49.1,2020,Moderate,1.8999999999999986
38,Ecuador,54.4,45.6,2021,Moderate,3.5
32,Ecuador,57.2,42.8,2022,Moderate,2.8000000000000043
30,Ecuador,59.4,40.6,2023,Moderate,2.1999999999999957
22,Ecuador,62.1,37.9,2024,Unsafe,2.700000000000003
21,Ecuador,62.5,37.5,2025,Unsafe,0.3999999999999986
28,Egypt,56.5,43.5,2016,Moderate,
38,Egypt,52.9,47.1,2017,Moderate,-3.6000000000000014
26,Egypt,53.7,46.3,2018,Moderate,0.8000000000000043
36,Egypt,50.7,49.3,2019,Moderate,-3.0
53,Egypt,46.9,53.1,2020,Moderate,-3.8000000000000043
60,Egypt,46.8,53.2,2021,Moderate,-0.10000000000000142
66,Egypt,46.6,53.4,2022,Moderate,-0.19999999999999574
62,Egypt,47.2,52.8,2023,Moderate,0.6000000000000014
65,Egypt,47.3,52.7,2024,Moderate,0.09999999999999432
66,Egypt,47.3,52.7,2025,Moderate,0.0
8,El Salvador,72.0,28.0,2016,Unsafe,
7,El Salvador,71.6,28.4,2017,Unsafe,-0.4000000000000057
7,El Salvador,69.7,30.3,2018,Unsafe,-1.8999999999999915
9,El Salvador,68.1,31.9,2019,Unsafe,-1.6000000000000085
9,El Salvador,68.0,32.0,2020,Unsafe,-0.09999999999999432
7,El Salvador,68.8,31.2,2021,Unsafe,0.7999999999999972
8,El Salvador,68.6,31.4,2022,Unsafe,-0.20000000000000284
17,El Salvador,64.4,35.6,2023,Unsafe,-4.199999999999989
26,El Salvador,61.3,38.7,2024,Unsafe,-3.1000000000000085
31,El Salvador,58.6,41.4,2025,Moderate,-2.6999999999999957
108,Estonia,24.7,75.3,2016,Very Safe,
114,Estonia,23.0,77.0,2017,Very Safe,-1.6999999999999993
108,Estonia,20.8,79.2,2018,Very Safe,-2.1999999999999993
112,Estonia,20.8,79.2,2019,Very Safe,0.0
119,Estonia,23.1,76.9,2020,Very Safe,2.3000000000000007
124,Estonia,23.4,76.6,2021,Very Safe,0.29999999999999716
131,Estonia,23.8,76.2,2022,Very Safe,0.40000000000000213
127,Estonia,25.1,74.9,2023,Very Safe,1.3000000000000007
135,Estonia,23.8,76.2,2024,Very Safe,-1.3000000000000007
136,Estonia,23.7,76.3,2025,Very Safe,-0.10000000000000142
84,Ethiopia,34.2,65.8,2016,Safe,
50,Ethiopia,49.2,50.8,2017,Moderate,15.0
45,Ethiopia,47.7,52.3,2018,Moderate,-1.5
44,Ethiopia,47.2,52.8,2019,Moderate,-0.5
44,Ethiopia,49.2,50.8,2020,Moderate,2.0
46,Ethiopia,50.0,50.0,2021,Moderate,0.7999999999999972
51,Ethiopia,50.1,49.9,2022,Moderate,0.10000000000000142
51,Ethiopia,50.9,49.1,2023,Moderate,0.7999999999999972
54,Ethiopia,50.8,49.2,2024,Moderate,-0.10000000000000142
54,Ethiopia,50.7,49.3,2025,Moderate,-0.09999999999999432
31,Fiji,55.6,44.4,2017,Moderate,
26,Fiji,58.9,41.1,2020,Moderate,3.299999999999997
26,Fiji,57.9,42.1,2021,Moderate,-1.0
38,Fiji,55.6,44.4,2022,Moderate,-2.299999999999997
33,Fiji,57.0,43.0,2023,Moderate,1.3999999999999986
33,Fiji,57.3,42.7,2024,Moderate,0.29999999999999716
34,Fiji,56.6,43.4,2025,Moderate,-0.6999999999999957
101,Finland,28.1,71.9,2016,Very Safe,
110,Finland,24.6,75.4,2017,Very Safe,-3.5
104,Finland,23.7,76.3,2018,Very Safe,-0.9000000000000021
106,Finland,22.8,77.2,2019,Very Safe,-0.8999999999999986
118,Finland,23.3,76.7,2020,Very Safe,0.5
114,Finland,27.0,73.0,2021,Very Safe,3.6999999999999993
120,Finland,27.3,72.7,2022,Very Safe,0.3000000000000007
121,Finland,26.8,73.2,2023,Very Safe,-0.5
126,Finland,26.3,73.7,2024,Very Safe,-0.5
124,Finland,26.8,73.2,2025,Very Safe,0.5
59,France,44.1,55.9,2016,Safe,
67,France,43.7,56.3,2017,Safe,-0.3999999999999986
49,France,45.3,54.7,2018,Moderate,1.5999999999999943
51,France,46.4,53.6,2019,Moderate,1.1000000000000014
54,France,46.8,53.2,2020,Moderate,0.3999999999999986
47,France,49.2,50.8,2021,Moderate,2.4000000000000057
46,France,52.4,47.6,2022,Moderate,3.1999999999999957
36,France,55.3,44.7,2023,Moderate,2.8999999999999986
37,France,55.3,44.7,2024,Moderate,0.0
38,France,55.4,44.6,2025,Moderate,0.10000000000000142
112,Georgia,22.2,77.8,2016,Very Safe,
119,Georgia,20.8,79.2,2017,Very Safe,-1.3999999999999986
111,Georgia,20.3,79.7,2018,Very Safe,-0.5
113,Georgia,19.9,80.1,2019,Very Safe,-0.40000000000000213
126,Georgia,20.2,79.8,2020,Very Safe,0.3000000000000007
126,Georgia,22.6,77.4,2021,Very Safe,2.400000000000002
129,Georgia,24.3,75.7,2022,Very Safe,1.6999999999999993
125,Georgia,25.9,74.1,2023,Very Safe,1.5999999999999979
127,Georgia,26.1,73.9,2024,Very Safe,0.20000000000000284
127,Georgia,26.3,73.7,2025,Very Safe,0.1999999999999993
86,Germany,33.0,67.0,2016,Safe,
95,Germany,32.0,68.0,2017,Safe,-1.0
85,Germany,36.7,63.3,2018,Safe,4.700000000000003
84,Germany,34.5,65.5,2019,Safe,-2.200000000000003
90,Germany,34.8,65.2,2020,Safe,0.29999999999999716
94,Germany,35.4,64.6,2021,Safe,0.6000000000000014
100,Germany,36.4,63.6,2022,Safe,1.0
100,Germany,37.6,62.4,2023,Safe,1.2000000000000028
97,Germany,38.9,61.1,2024,Safe,1.2999999999999972
96,Germany,39.4,60.6,2025,Safe,0.5
41,Ghana,49.0,51.0,2016,Moderate,
56,Ghana,47.0,53.0,2017,Moderate,-2.0
51,Ghana,45.0,55.0,2018,Safe,-2.0
32,Ghana,51.9,48.1,2019,Moderate,6.899999999999999
45,Ghana,49.0,51.0,2020,Moderate,-2.8999999999999986
52,Ghana,48.5,51.5,2021,Moderate,-0.5
64,Ghana,46.8,53.2,2022,Moderate,-1.7000000000000028
79,Ghana,44.5,55.5,2023,Safe,-2.299999999999997
84,Ghana,43.9,56.1,2024,Safe,-0.6000000000000014
76,Ghana,45.4,54.6,2025,Moderate,1.5
74,Greece,38.5,61.5,2016,Safe,
74,Greece,40.3,59.7,2017,Safe,1.7999999999999972
74,Greece,39.1,60.9,2018,Safe,-1.1999999999999957
76,Greece,38.6,61.4,2019,Safe,-0.5
78,Greece,40.3,59.7,2020,Safe,1.6999999999999957
70,Greece,44.1,55.9,2021,Safe,3.8000000000000043
60,Greece,47.4,52.6,2022,Moderate,3.299999999999997
64,Greece,47.0,53.0,2023,Moderate,-0.3999999999999986
69,Greece,46.7,53.3,2024,Moderate,-0.29999999999999716
71,Greece,46.4,53.6,2025,Moderate,-0.30000000000000426
16,Guatemala,63.5,36.5,2016,Unsafe,
25,Guatemala,59.6,40.4,2017,Moderate,-3.8999999999999986
21,Guatemala,59.3,40.7,2018,Moderate,-0.30000000000000426
25,Guatemala,55.9,44.1,2019,Moderate,-3.3999999999999986
30,Guatemala,57.8,42.2,2020,Moderate,1.8999999999999986
25,Guatemala,58.2,41.8,2021,Moderate,0.4000000000000057
29,Guatemala,58.3,41.7,2022,Moderate,0.09999999999999432
29,Guatemala,59.7,40.3,2023,Moderate,1.4000000000000057
31,Guatemala,59.5,40.5,2024,Moderate,-0.20000000000000284
32,Guatemala,57.7,42.3,2025,Moderate,-1.7999999999999972
10,Guyana,67.7,32.3,2020,Unsafe,
8,Guyana,68.7,31.3,2021,Unsafe,1.0
7,Guyana,68.9,31.1,2022,Unsafe,0.20000000000000284
7,Guyana,69.0,31.0,2023,Unsafe,0.09999999999999432
12,Guyana,67.3,32.7,2024,Unsafe,-1.7000000000000028
12,Guyana,66.3,33.7,2025,Unsafe,-1.0
4,Haiti,77.9,22.1,2024,Very Unsafe,
3,Haiti,78.9,21.1,2025,Very Unsafe,1.0
5,Honduras,76.4,23.6,2016,Very Unsafe,
3,Honduras,78.3,21.7,2017,Very Unsafe,1.8999999999999915
3,Honduras,78.9,21.1,2018,Very Unsafe,0.6000000000000085
3,Honduras,76.8,23.2,2019,Very Unsafe,-2.1000000000000085
5,Honduras,76.1,23.9,2020,Very Unsafe,-0.7000000000000028
5,Honduras,74.8,25.2,2021,Unsafe,-1.2999999999999972
5,Honduras,74.2,25.8,2022,Unsafe,-0.5999999999999943
5,Honduras,74.2,25.8,2023,Unsafe,0.0
6,Honduras,73.4,26.6,2024,Unsafe,-0.7999999999999972
6,Honduras,72.0,28.0,2025,Unsafe,-1.4000000000000057
114,Hong Kong,20.8,79.2,2016,Very Safe,
120,Hong Kong,20.7,79.3,2017,Very Safe,-0.10000000000000142
107,Hong Kong,20.9,79.1,2018,Very Safe,0.1999999999999993
114,Hong Kong,19.3,80.7,2019,Very Safe,-1.5999999999999979
124,Hong Kong,20.7,79.3,2020,Very Safe,1.3999999999999986
129,Hong Kong,21.7,78.3,2021,Very Safe,1.0
136,Hong Kong,21.9,78.1,2022,Very Safe,0.1999999999999993
137,Hong Kong (China),21.5,78.5,2023,Very Safe,
140,Hong Kong (China),21.8,78.2,2024,Very Safe,0.3000000000000007
141,Hong Kong (China),21.5,78.5,2025,Very Safe,-0.3000000000000007
69,Hungary,41.9,58.1,2016,Safe,
83,Hungary,38.4,61.6,2017,Safe,-3.5
86,Hungary,36.5,63.5,2018,Safe,-1.8999999999999986
83,Hungary,35.2,64.8,2019,Safe,-1.2999999999999972
89,Hungary,35.1,64.9,2020,Safe,-0.10000000000000142
95,Hungary,34.8,65.2,2021,Safe,-0.30000000000000426
102,Hungary,34.3,65.7,2022,Safe,-0.5
103,Hungary,33.9,66.1,2023,Safe,-0.3999999999999986
106,Hungary,33.7,66.3,2024,Safe,-0.19999999999999574
107,Hungary,33.7,66.3,2025,Safe,0.0
97,Iceland,29.9,70.1,2016,Very Safe,
106,Iceland,27.5,72.5,2017,Very Safe,-2.3999999999999986
103,Iceland,24.5,75.5,2018,Very Safe,-3.0
104,Iceland,23.3,76.7,2019,Very Safe,-1.1999999999999993
117,Iceland,23.4,76.6,2020,Very Safe,0.09999999999999787
123,Iceland,24.1,75.9,2021,Very Safe,0.7000000000000028
132,Iceland,23.5,76.5,2022,Very Safe,-0.6000000000000014
128,Iceland,24.9,75.1,2023,Very Safe,1.3999999999999986
129,Iceland,25.4,74.6,2024,Very Safe,0.5
129,Iceland,25.7,74.3,2025,Very Safe,0.3000000000000007
53,India,46.6,53.4,2016,Moderate,
66,India,44.0,56.0,2017,Safe,-2.6000000000000014
55,India,44.2,55.8,2018,Safe,0.20000000000000284
63,India,42.7,57.3,2019,Safe,-1.5
68,India,43.3,56.7,2020,Safe,0.5999999999999943
67,India,44.7,55.3,2021,Safe,1.4000000000000057
76,India,44.6,55.4,2022,Safe,-0.10000000000000142
77,India,44.6,55.4,2023,Safe,0.0
83,India,44.3,55.7,2024,Safe,-0.30000000000000426
81,India,44.3,55.7,2025,Safe,0.0
51,Indonesia,47.0,53.0,2016,Moderate,
48,Indonesia,49.7,50.3,2017,Moderate,2.700000000000003
52,Indonesia,44.7,55.3,2018,Safe,-5.0
52,Indonesia,46.0,54.0,2019,Moderate,1.2999999999999972
56,Indonesia,45.8,54.2,2020,Moderate,-0.20000000000000284
62,Indonesia,46.2,53.8,2021,Moderate,0.4000000000000057
70,Indonesia,46.1,53.9,2022,Moderate,-0.10000000000000142
72,Indonesia,45.9,54.1,2023,Moderate,-0.20000000000000284
74,Indonesia,46.1,53.9,2024,Moderate,0.20000000000000284
72,Indonesia,46.0,54.0,2025,Moderate,-0.10000000000000142
36,Iran,52.4,47.6,2016,Moderate,
43,Iran,50.9,49.1,2017,Moderate,-1.5
36,Iran,49.4,50.6,2018,Moderate,-1.5
39,Iran,49.3,50.7,2019,Moderate,-0.10000000000000142
43,Iran,49.3,50.7,2020,Moderate,0.0
48,Iran,49.2,50.8,2021,Moderate,-0.09999999999999432
53,Iran,49.1,50.9,2022,Moderate,-0.10000000000000142
53,Iran,49.9,50.1,2023,Moderate,0.7999999999999972
57,Iran,49.5,50.5,2024,Moderate,-0.3999999999999986
55,Iran,50.5,49.5,2025,Moderate,1.0
37,Iraq,51.5,48.5,2016,Moderate,
35,Iraq,54.3,45.7,2017,Moderate,2.799999999999997
57,Iraq,43.3,56.7,2018,Safe,-11.0
53,Iraq,45.6,54.4,2019,Moderate,2.3000000000000043
48,Iraq,47.8,52.2,2020,Moderate,2.1999999999999957
51,Iraq,48.8,51.2,2021,Moderate,1.0
61,Iraq,47.0,53.0,2022,Moderate,-1.7999999999999972
71,Iraq,46.1,53.9,2023,Moderate,-0.8999999999999986
80,Iraq,44.7,55.3,2024,Safe,-1.3999999999999986
85,Iraq,43.1,56.9,2025,Safe,-1.6000000000000014
45,Ireland,48.4,51.6,2016,Moderate,
60,Ireland,45.8,54.2,2017,Moderate,-2.6000000000000014
56,Ireland,43.8,56.2,2018,Safe,-2.0
57,Ireland,44.5,55.5,2019,Safe,0.7000000000000028
57,Ireland,45.4,54.6,2020,Moderate,0.8999999999999986
66,Ireland,45.0,55.0,2021,Safe,-0.3999999999999986
73,Ireland,45.5,54.5,2022,Moderate,0.5
73,Ireland,45.9,54.1,2023,Moderate,0.3999999999999986
70,Ireland,46.5,53.5,2024,Moderate,0.6000000000000014
65,Ireland,47.6,52.4,2025,Moderate,1.1000000000000014
131,Isle Of Man,20.8,79.2,2021,Very Safe,
139,Isle Of Man,18.6,81.4,2022,Very Safe,-2.1999999999999993
139,Isle Of Man,18.0,82.0,2023,Very Safe,-0.6000000000000014
141,Isle Of Man,20.5,79.5,2024,Very Safe,2.5
142,Isle Of Man,21.0,79.0,2025,Very Safe,0.5
94,Israel,30.6,69.4,2016,Safe,
103,Israel,29.0,71.0,2017,Very Safe,-1.6000000000000014
81,Israel,36.9,63.1,2018,Safe,7.899999999999999
90,Israel,32.2,67.8,2019,Safe,-4.699999999999996
102,Israel,29.6,70.4,2020,Very Safe,-2.6000000000000014
105,Israel,31.2,68.8,2021,Safe,1.5999999999999979
109,Israel,32.1,67.9,2022,Safe,0.9000000000000021
107,Israel,32.6,67.4,2023,Safe,0.5
113,Israel,32.4,67.6,2024,Safe,-0.20000000000000284
115,Israel,31.8,68.2,2025,Safe,-0.5999999999999979
55,Italy,46.2,53.8,2016,Moderate,
63,Italy,44.7,55.3,2017,Safe,-1.5
54,Italy,44.5,55.5,2018,Safe,-0.20000000000000284
56,Italy,45.0,55.0,2019,Safe,0.5
62,Italy,44.3,55.7,2020,Safe,-0.7000000000000028
68,Italy,44.4,55.6,2021,Safe,0.10000000000000142
75,Italy,45.2,54.8,2022,Moderate,0.8000000000000043
66,Italy,46.9,53.1,2023,Moderate,1.6999999999999957
64,Italy,47.3,52.7,2024,Moderate,0.3999999999999986
69,Italy,46.9,53.1,2025,Moderate,-0.3999999999999986
34,Ivory Coast,57.1,42.9,2024,Moderate,
35,Ivory Coast,56.4,43.6,2025,Moderate,-0.7000000000000028
14,Jamaica,65.5,34.5,2016,Unsafe,
13,Jamaica,67.5,32.5,2017,Unsafe,2.0
11,Jamaica,66.9,33.1,2018,Unsafe,-0.5999999999999943
14,Jamaica,65.3,34.7,2019,Unsafe,-1.6000000000000085
13,Jamaica,66.0,34.0,2020,Unsafe,0.7000000000000028
11,Jamaica,67.5,32.5,2021,Unsafe,1.5
9,Jamaica,67.8,32.2,2022,Unsafe,0.29999999999999716
10,Jamaica,67.8,32.2,2023,Unsafe,0.0
10,Jamaica,68.1,31.9,2024,Unsafe,0.29999999999999716
9,Jamaica,67.4,32.6,2025,Unsafe,-0.6999999999999886
115,Japan,19.3,80.7,2016,Very Safe,
118,Japan,20.9,79.1,2017,Very Safe,1.5999999999999979
115,Japan,13.1,86.9,2018,Very Safe,-7.799999999999999
117,Japan,13.7,86.3,2019,Very Safe,0.5999999999999996
125,Japan,20.7,79.3,2020,Very Safe,7.0
127,Japan,22.0,78.0,2021,Very Safe,1.3000000000000007
135,Japan,22.1,77.9,2022,Very Safe,0.10000000000000142
135,Japan,23.1,76.9,2023,Very Safe,1.0
138,Japan,22.6,77.4,2024,Very Safe,-0.5
138,Japan,22.9,77.1,2025,Very Safe,0.29999999999999716
52,Jordan,46.9,53.1,2016,Moderate,
68,Jordan,43.1,56.9,2017,Safe,-3.799999999999997
53,Jordan,44.5,55.5,2018,Safe,1.3999999999999986
59,Jordan,43.8,56.2,2019,Safe,-0.7000000000000028
76,Jordan,40.8,59.2,2020,Safe,-3.0
83,Jordan,40.7,59.3,2021,Safe,-0.09999999999999432
92,Jordan,40.2,59.8,2022,Safe,-0.5
88,Jordan,41.0,59.0,2023,Safe,0.7999999999999972
95,Jordan,40.4,59.6,2024,Safe,-0.6000000000000014
95,Jordan,40.0,60.0,2025,Safe,-0.3999999999999986
56,Kazakhstan,45.9,54.1,2016,Moderate,
54,Kazakhstan,48.3,51.7,2017,Moderate,2.3999999999999986
41,Kazakhstan,49.2,50.8,2018,Moderate,0.9000000000000057
10,Kazakhstan,66.5,33.5,2019,Unsafe,17.299999999999997
20,Kazakhstan,62.0,38.0,2020,Unsafe,-4.5
39,Kazakhstan,54.0,46.0,2021,Moderate,-8.0
45,Kazakhstan,53.4,46.6,2022,Moderate,-0.6000000000000014
48,Kazakhstan,52.7,47.3,2023,Moderate,-0.6999999999999957
75,Kazakhstan,45.9,54.1,2024,Moderate,-6.800000000000004
77,Kazakhstan,45.2,54.8,2025,Moderate,-0.6999999999999957
10,Kenya,69.5,30.5,2016,Unsafe,
17,Kenya,65.0,35.0,2017,Unsafe,-4.5
20,Kenya,59.8,40.2,2018,Moderate,-5.200000000000003
26,Kenya,54.8,45.2,2019,Moderate,-5.0
22,Kenya,61.7,38.3,2020,Unsafe,6.900000000000006
21,Kenya,61.4,38.6,2021,Unsafe,-0.30000000000000426
36,Kenya,56.2,43.8,2022,Moderate,-5.199999999999996
32,Kenya,57.0,43.0,2023,Moderate,0.7999999999999972
36,Kenya,56.4,43.6,2024,Moderate,-0.6000000000000014
37,Kenya,56.0,44.0,2025,Moderate,-0.3999999999999986
95,Kosovo (Disputed Territory),32.9,67.1,2020,Safe,
92,Kosovo (Disputed Territory),36.1,63.9,2021,Safe,3.200000000000003
85,Kosovo (Disputed Territory),42.3,57.7,2022,Safe,6.199999999999996
91,Kosovo (Disputed Territory),40.8,59.2,2023,Safe,-1.5
90,Kosovo (Disputed Territory),41.7,58.3,2024,Safe,0.9000000000000057
93,Kosovo (Disputed Territory),40.8,59.2,2025,Safe,-0.9000000000000057
81,Kuwait,36.0,64.0,2016,Safe,
93,Kuwait,33.5,66.5,2017,Safe,-2.5
79,Kuwait,37.0,63.0,2018,Safe,3.5
86,Kuwait,33.9,66.1,2019,Safe,-3.1000000000000014
91,Kuwait,34.8,65.2,2020,Safe,0.8999999999999986
97,Kuwait,34.0,66.0,2021,Safe,-0.7999999999999972
106,Kuwait,33.4,66.6,2022,Safe,-0.6000000000000014
108,Kuwait,32.6,67.4,2023,Safe,-0.7999999999999972
109,Kuwait,32.8,67.2,2024,Safe,0.19999999999999574
110,Kuwait,32.8,67.2,2025,Safe,0.0
34,Kyrgyzstan,55.4,44.6,2021,Moderate,
33,Kyrgyzstan,56.6,43.4,2022,Moderate,1.2000000000000028
38,Kyrgyzstan,54.6,45.4,2023,Moderate,-2.0
41,Kyrgyzstan,54.0,46.0,2024,Moderate,-0.6000000000000014
39,Kyrgyzstan,54.3,45.7,2025,Moderate,0.29999999999999716
76,Latvia,37.8,62.2,2016,Safe,
86,Latvia,36.5,63.5,2017,Safe,-1.2999999999999972
82,Latvia,36.9,63.1,2018,Safe,0.3999999999999986
79,Latvia,36.8,63.2,2019,Safe,-0.10000000000000142
87,Latvia,37.0,63.0,2020,Safe,0.20000000000000284
91,Latvia,37.2,62.8,2021,Safe,0.20000000000000284
97,Latvia,38.7,61.3,2022,Safe,1.5
98,Latvia,37.7,62.3,2023,Safe,-1.0
102,Latvia,37.4,62.6,2024,Safe,-0.30000000000000426
100,Latvia,37.1,62.9,2025,Safe,-0.29999999999999716
39,Lebanon,50.6,49.4,2016,Moderate,
51,Lebanon,49.2,50.8,2017,Moderate,-1.3999999999999986
40,Lebanon,49.2,50.8,2018,Moderate,0.0
58,Lebanon,44.3,55.7,2019,Safe,-4.900000000000006
67,Lebanon,43.4,56.6,2020,Safe,-0.8999999999999986
59,Lebanon,47.0,53.0,2021,Moderate,3.6000000000000014
63,Lebanon,46.9,53.1,2022,Moderate,-0.10000000000000142
70,Lebanon,46.2,53.8,2023,Moderate,-0.6999999999999957
72,Lebanon,46.4,53.6,2024,Moderate,0.19999999999999574
70,Lebanon,46.8,53.2,2025,Moderate,0.3999999999999986
22,Libya,57.8,42.2,2016,Moderate,
33,Libya,54.5,45.5,2017,Moderate,-3.299999999999997
22,Libya,56.7,43.3,2018,Moderate,2.200000000000003
22,Libya,59.2,40.8,2019,Moderate,2.5
19,Libya,62.2,37.8,2020,Unsafe,3.0
20,Libya,62.0,38.0,2021,Unsafe,-0.20000000000000284
24,Libya,60.3,39.7,2022,Unsafe,-1.7000000000000028
28,Libya,60.2,39.8,2023,Unsafe,-0.09999999999999432
30,Libya,60.4,39.6,2024,Unsafe,0.19999999999999574
36,Libya,56.4,43.6,2025,Moderate,-4.0
61,Lithuania,43.2,56.8,2016,Safe,
76,Lithuania,40.0,60.0,2017,Safe,-3.200000000000003
77,Lithuania,37.6,62.4,2018,Safe,-2.3999999999999986
80,Lithuania,36.5,63.5,2019,Safe,-1.1000000000000014
94,Lithuania,33.1,66.9,2020,Safe,-3.3999999999999986
98,Lithuania,33.8,66.2,2021,Safe,0.6999999999999957
107,Lithuania,33.3,66.7,2022,Safe,-0.5
106,Lithuania,33.0,67.0,2023,Safe,-0.29999999999999716
110,Lithuania,32.8,67.2,2024,Safe,-0.20000000000000284
111,Lithuania,32.4,67.6,2025,Safe,-0.3999999999999986
82,Luxembourg,36.0,64.0,2016,Safe,
102,Luxembourg,29.0,71.0,2017,Very Safe,-7.0
90,Luxembourg,32.1,67.9,2018,Safe,3.1000000000000014
97,Luxembourg,29.1,70.9,2019,Very Safe,-3.0
93,Luxembourg,33.4,66.6,2020,Safe,4.299999999999997
102,Luxembourg,32.2,67.8,2021,Safe,-1.1999999999999957
101,Luxembourg,35.7,64.3,2022,Safe,3.5
102,Luxembourg,35.1,64.9,2023,Safe,-0.6000000000000014
105,Luxembourg,34.4,65.6,2024,Safe,-0.7000000000000028
106,Luxembourg,34.2,65.8,2025,Safe,-0.19999999999999574
12,Malaysia,68.6,31.4,2016,Unsafe,
18,Malaysia,64.8,35.2,2017,Unsafe,-3.799999999999997
15,Malaysia,63.1,36.9,2018,Unsafe,-1.6999999999999957
19,Malaysia,60.8,39.2,2019,Unsafe,-2.3000000000000043
27,Malaysia,58.8,41.2,2020,Moderate,-2.0
27,Malaysia,57.9,42.1,2021,Moderate,-0.8999999999999986
37,Malaysia,55.7,44.3,2022,Moderate,-2.1999999999999957
46,Malaysia,52.9,47.1,2023,Moderate,-2.8000000000000043
55,Malaysia,50.7,49.3,2024,Moderate,-2.1999999999999957
60,Malaysia,48.9,51.1,2025,Moderate,-1.8000000000000043
58,Maldives,45.0,55.0,2016,Safe,
57,Maldives,47.0,53.0,2017,Moderate,2.0
30,Maldives,51.7,48.3,2018,Moderate,4.700000000000003
27,Maldives,53.3,46.7,2019,Moderate,1.5999999999999943
37,Maldives,53.2,46.8,2020,Moderate,-0.09999999999999432
31,Maldives,56.0,44.0,2021,Moderate,2.799999999999997
39,Maldives,54.7,45.3,2022,Moderate,-1.2999999999999972
39,Maldives,54.5,45.5,2023,Moderate,-0.20000000000000284
38,Maldives,55.0,45.0,2024,Moderate,0.5
41,Maldives,54.1,45.9,2025,Moderate,-0.8999999999999986
103,Malta,26.7,73.3,2016,Very Safe,
98,Malta,30.6,69.4,2017,Safe,3.900000000000002
91,Malta,31.9,68.1,2018,Safe,1.2999999999999972
87,Malta,33.5,66.5,2019,Safe,1.6000000000000014
83,Malta,39.0,61.0,2020,Safe,5.5
87,Malta,38.9,61.1,2021,Safe,-0.10000000000000142
91,Malta,40.8,59.2,2022,Safe,1.8999999999999986
85,Malta,42.5,57.5,2023,Safe,1.7000000000000028
91,Malta,41.2,58.8,2024,Safe,-1.2999999999999972
86,Malta,43.0,57.0,2025,Safe,1.7999999999999972
32,Mauritius,53.7,46.3,2016,Moderate,
42,Mauritius,51.1,48.9,2017,Moderate,-2.6000000000000014
44,Mauritius,48.3,51.7,2018,Moderate,-2.8000000000000043
47,Mauritius,46.8,53.2,2019,Moderate,-1.5
49,Mauritius,47.3,52.7,2020,Moderate,0.5
55,Mauritius,47.9,52.1,2021,Moderate,0.6000000000000014
56,Mauritius,48.9,51.1,2022,Moderate,1.0
60,Mauritius,48.1,51.9,2023,Moderate,-0.7999999999999972
61,Mauritius,47.8,52.2,2024,Moderate,-0.30000000000000426
56,Mauritius,50.0,50.0,2025,Moderate,2.200000000000003
38,Mexico,50.8,49.2,2016,Moderate,
45,Mexico,50.3,49.7,2017,Moderate,-0.5
32,Mexico,51.1,48.9,2018,Moderate,0.8000000000000043
30,Mexico,52.3,47.7,2019,Moderate,1.1999999999999957
34,Mexico,54.0,46.0,2020,Moderate,1.7000000000000028
37,Mexico,55.0,45.0,2021,Moderate,1.0
44,Mexico,53.7,46.3,2022,Moderate,-1.2999999999999972
40,Mexico,54.4,45.6,2023,Moderate,0.6999999999999957
42,Mexico,53.8,46.2,2024,Moderate,-0.6000000000000014
45,Mexico,53.4,46.6,2025,Moderate,-0.3999999999999986
47,Moldova,48.2,51.8,2016,Moderate,
62,Moldova,45.4,54.6,2017,Moderate,-2.8000000000000043
48,Moldova,45.7,54.3,2018,Moderate,0.30000000000000426
55,Moldova,45.4,54.6,2019,Moderate,-0.30000000000000426
60,Moldova,45.0,55.0,2020,Safe,-0.3999999999999986
61,Moldova,46.6,53.4,2021,Moderate,1.6000000000000014
59,Moldova,47.4,52.6,2022,Moderate,0.7999999999999972
63,Moldova,47.1,52.9,2023,Moderate,-0.29999999999999716
79,Moldova,45.1,54.9,2024,Moderate,-2.0
82,Moldova,44.3,55.7,2025,Safe,-0.8000000000000043
125,Monaco,25.1,74.9,2022,Very Safe,
130,Monaco,24.6,75.4,2023,Very Safe,-0.5
136,Monaco,23.6,76.4,2024,Very Safe,-1.0
137,Monaco,23.3,76.7,2025,Very Safe,-0.3000000000000007
23,Mongolia,57.8,42.2,2016,Moderate,
12,Mongolia,67.6,32.4,2017,Unsafe,9.799999999999997
16,Mongolia,62.6,37.4,2018,Unsafe,-4.999999999999993
21,Mongolia,59.8,40.2,2019,Moderate,-2.8000000000000043
29,Mongolia,58.0,42.0,2020,Moderate,-1.7999999999999972
33,Mongolia,55.6,44.4,2021,Moderate,-2.3999999999999986
43,Mongolia,53.7,46.3,2022,Moderate,-1.8999999999999986
41,Mongolia,53.9,46.1,2023,Moderate,0.19999999999999574
46,Mongolia,52.4,47.6,2024,Moderate,-1.5
49,Mongolia,52.1,47.9,2025,Moderate,-0.29999999999999716
49,Montenegro,47.8,52.2,2016,Moderate,
80,Montenegro,38.7,61.3,2017,Safe,-9.099999999999994
78,Montenegro,37.5,62.5,2018,Safe,-1.2000000000000028
69,Montenegro,40.5,59.5,2019,Safe,3.0
73,Montenegro,41.2,58.8,2020,Safe,0.7000000000000028
80,Montenegro,41.6,58.4,2021,Safe,0.3999999999999986
89,Montenegro,41.1,58.9,2022,Safe,-0.5
93,Montenegro,39.8,60.2,2023,Safe,-1.3000000000000043
99,Montenegro,38.0,62.0,2024,Safe,-1.7999999999999972
104,Montenegro,35.4,64.6,2025,Safe,-2.6000000000000014
40,Morocco,50.3,49.7,2016,Moderate,
52,Morocco,48.9,51.1,2017,Moderate,-1.3999999999999986
42,Morocco,48.5,51.5,2018,Moderate,-0.3999999999999986
37,Morocco,50.2,49.8,2019,Moderate,1.7000000000000028
47,Morocco,48.7,51.3,2020,Moderate,-1.5
49,Morocco,49.1,50.9,2021,Moderate,0.3999999999999986
54,Morocco,49.1,50.9,2022,Moderate,0.0
67,Morocco,46.8,53.2,2023,Moderate,-2.3000000000000043
71,Morocco,46.5,53.5,2024,Moderate,-0.29999999999999716
64,Morocco,47.8,52.2,2025,Moderate,1.2999999999999972
19,Mozambique,62.8,37.2,2022,Unsafe,
19,Mozambique,63.4,36.6,2023,Unsafe,0.6000000000000014
20,Mozambique,63.7,36.3,2024,Unsafe,0.30000000000000426
28,Mozambique,60.1,39.9,2025,Unsafe,-3.6000000000000014
55,Myanmar,45.9,54.1,2020,Moderate,
58,Myanmar,47.2,52.8,2021,Moderate,1.3000000000000043
67,Myanmar,46.5,53.5,2022,Moderate,-0.7000000000000028
59,Myanmar,48.2,51.8,2023,Moderate,1.7000000000000028
56,Myanmar,50.4,49.6,2024,Moderate,2.1999999999999957
52,Myanmar,50.9,49.1,2025,Moderate,0.5
19,Namibia,60.9,39.1,2016,Unsafe,
21,Namibia,63.1,36.9,2017,Unsafe,2.200000000000003
9,Namibia,68.2,31.8,2018,Unsafe,5.100000000000001
8,Namibia,68.7,31.3,2019,Unsafe,0.5
11,Namibia,67.2,32.8,2020,Unsafe,-1.5
14,Namibia,65.9,34.1,2021,Unsafe,-1.2999999999999972
15,Namibia,64.7,35.3,2022,Unsafe,-1.2000000000000028
16,Namibia,64.8,35.2,2023,Unsafe,0.09999999999999432
19,Namibia,63.9,36.1,2024,Unsafe,-0.8999999999999986
19,Namibia,63.5,36.5,2025,Unsafe,-0.3999999999999986
67,Nepal,42.1,57.9,2016,Safe,
85,Nepal,37.2,62.8,2017,Safe,-4.899999999999999
70,Nepal,39.5,60.5,2018,Safe,2.299999999999997
81,Nepal,36.4,63.6,2019,Safe,-3.1000000000000014
92,Nepal,34.6,65.4,2020,Safe,-1.7999999999999972
93,Nepal,35.7,64.3,2021,Safe,1.1000000000000014
99,Nepal,37.5,62.5,2022,Safe,1.7999999999999972
99,Nepal,37.6,62.4,2023,Safe,0.10000000000000142
101,Nepal,37.7,62.3,2024,Safe,0.10000000000000142
101,Nepal,36.7,63.3,2025,Safe,-1.0
91,Netherlands,31.5,68.5,2016,Safe,
101,Netherlands,29.9,70.1,2017,Very Safe,-1.6000000000000014
96,Netherlands,28.9,71.1,2018,Very Safe,-1.0
98,Netherlands,28.6,71.4,2019,Very Safe,-0.29999999999999716
109,Netherlands,27.6,72.4,2020,Very Safe,-1.0
113,Netherlands,27.2,72.8,2021,Very Safe,-0.40000000000000213
118,Netherlands,27.9,72.1,2022,Very Safe,0.6999999999999993
119,Netherlands,27.3,72.7,2023,Very Safe,-0.5999999999999979
124,Netherlands,26.3,73.7,2024,Very Safe,-1.0
123,Netherlands,26.9,73.1,2025,Very Safe,0.5999999999999979
80,New Zealand,36.4,63.6,2016,Safe,
79,New Zealand,38.8,61.2,2017,Safe,2.3999999999999986
73,New Zealand,39.2,60.8,2018,Safe,0.4000000000000057
73,New Zealand,39.6,60.4,2019,Safe,0.3999999999999986
75,New Zealand,40.9,59.1,2020,Safe,1.2999999999999972
77,New Zealand,42.3,57.7,2021,Safe,1.3999999999999986
81,New Zealand,43.3,56.7,2022,Safe,1.0
74,New Zealand,45.8,54.2,2023,Moderate,2.5
62,New Zealand,47.7,52.3,2024,Moderate,1.9000000000000057
62,New Zealand,48.2,51.8,2025,Moderate,0.5
61,Nicaragua,44.4,55.6,2020,Safe,
53,Nicaragua,48.4,51.6,2021,Moderate,4.0
58,Nicaragua,47.9,52.1,2022,Moderate,-0.5
57,Nicaragua,48.8,51.2,2023,Moderate,0.8999999999999986
47,Nicaragua,52.2,47.8,2024,Moderate,3.4000000000000057
53,Nicaragua,50.8,49.2,2025,Moderate,-1.4000000000000057
6,Nigeria,74.1,25.9,2016,Unsafe,
8,Nigeria,70.9,29.1,2017,Unsafe,-3.1999999999999886
14,Nigeria,63.1,36.9,2018,Unsafe,-7.800000000000004
15,Nigeria,64.4,35.6,2019,Unsafe,1.3000000000000043
17,Nigeria,63.8,36.2,2020,Unsafe,-0.6000000000000085
16,Nigeria,63.9,36.1,2021,Unsafe,0.10000000000000142
17,Nigeria,63.8,36.2,2022,Unsafe,-0.10000000000000142
13,Nigeria,65.5,34.5,2023,Unsafe,1.7000000000000028
14,Nigeria,66.2,33.8,2024,Unsafe,0.7000000000000028
11,Nigeria,66.6,33.4,2025,Unsafe,0.3999999999999915
25,North Korea,60.3,39.7,2022,Unsafe,
50,North Korea,52.4,47.6,2023,Moderate,-7.899999999999999
51,North Korea,51.7,48.3,2024,Moderate,-0.6999999999999957
40,North Korea,54.1,45.9,2025,Moderate,2.3999999999999986
75,North Macedonia,38.0,62.0,2016,Safe,
81,North Macedonia,38.7,61.3,2017,Safe,0.7000000000000028
65,North Macedonia,40.2,59.8,2018,Safe,1.5
75,North Macedonia,39.3,60.7,2019,Safe,-0.9000000000000057
84,North Macedonia,38.7,61.3,2020,Safe,-0.5999999999999943
88,North Macedonia,38.6,61.4,2021,Safe,-0.10000000000000142
90,North Macedonia,40.9,59.1,2022,Safe,2.299999999999997
90,North Macedonia,40.9,59.1,2023,Safe,0.0
92,North Macedonia,41.0,59.0,2024,Safe,0.10000000000000142
92,North Macedonia,41.1,58.9,2025,Safe,0.10000000000000142
96,Norway,30.1,69.9,2016,Safe,
61,Norway,45.7,54.3,2017,Moderate,15.600000000000001
58,Norway,43.3,56.7,2018,Safe,-2.4000000000000057
82,Norway,35.3,64.7,2019,Safe,-8.0
88,Norway,35.4,64.6,2020,Safe,0.10000000000000142
99,Norway,33.4,66.6,2021,Safe,-2.0
104,Norway,33.8,66.2,2022,Safe,0.3999999999999986
105,Norway,33.5,66.5,2023,Safe,-0.29999999999999716
111,Norway,32.6,67.4,2024,Safe,-0.8999999999999986
109,Norway,33.0,67.0,2025,Safe,0.3999999999999986
100,Oman,29.0,71.0,2016,Very Safe,
111,Oman,24.5,75.5,2017,Very Safe,-4.5
99,Oman,27.4,72.6,2018,Very Safe,2.8999999999999986
105,Oman,22.8,77.2,2019,Very Safe,-4.599999999999998
123,Oman,20.8,79.2,2020,Very Safe,-2.0
132,Oman,20.3,79.7,2021,Very Safe,-0.5
138,Oman,20.0,80.0,2022,Very Safe,-0.3000000000000007
138,Oman,19.7,80.3,2023,Very Safe,-0.3000000000000007
142,Oman,19.0,81.0,2024,Very Safe,-0.6999999999999993
143,Oman,18.3,81.7,2025,Very Safe,-0.6999999999999993
26,Pakistan,56.6,43.4,2016,Moderate,
34,Pakistan,54.4,45.6,2017,Moderate,-2.200000000000003
31,Pakistan,51.2,48.8,2018,Moderate,-3.1999999999999957
48,Pakistan,46.7,53.3,2019,Moderate,-4.5
63,Pakistan,44.1,55.9,2020,Safe,-2.6000000000000014
72,Pakistan,43.9,56.1,2021,Safe,-0.20000000000000284
87,Pakistan,42.0,58.0,2022,Safe,-1.8999999999999986
86,Pakistan,42.3,57.7,2023,Safe,0.29999999999999716
85,Pakistan,43.2,56.8,2024,Safe,0.9000000000000057
83,Pakistan,43.7,56.3,2025,Safe,0.5
84,Palestine,38.0,62.0,2017,Safe,
75,Palestine,37.9,62.1,2018,Safe,-0.10000000000000142
78,Palestine,37.0,63.0,2019,Safe,-0.8999999999999986
66,Palestine,43.6,56.4,2020,Safe,6.600000000000001
71,Palestine,44.0,56.0,2021,Safe,0.3999999999999986
82,Palestine,43.2,56.8,2022,Safe,-0.7999999999999972
89,Palestine,41.0,59.0,2023,Safe,-2.200000000000003
88,Palestine,42.1,57.9,2024,Safe,1.1000000000000014
87,Palestine,42.8,57.2,2025,Safe,0.6999999999999957
35,Panama,52.7,47.3,2016,Moderate,
46,Panama,50.0,50.0,2017,Moderate,-2.700000000000003
43,Panama,48.4,51.6,2018,Moderate,-1.6000000000000014
50,Panama,46.4,53.6,2019,Moderate,-2.0
51,Panama,47.2,52.8,2020,Moderate,0.8000000000000043
64,Panama,45.8,54.2,2021,Moderate,-1.4000000000000057
79,Panama,43.9,56.1,2022,Safe,-1.8999999999999986
82,Panama,43.7,56.3,2023,Safe,-0.19999999999999574
82,Panama,44.3,55.7,2024,Safe,0.5999999999999943
88,Panama,42.7,57.3,2025,Safe,-1.5999999999999943
4,Papua New Guinea,77.6,22.4,2016,Very Unsafe,
2,Papua New Guinea,82.4,17.6,2017,Very Unsafe,4.800000000000011
2,Papua New Guinea,80.0,20.0,2018,Very Unsafe,-2.4000000000000057
2,Papua New Guinea,79.9,20.1,2019,Very Unsafe,-0.09999999999999432
2,Papua New Guinea,81.9,18.1,2020,Very Unsafe,2.0
2,Papua New Guinea,80.2,19.8,2021,Very Unsafe,-1.7000000000000028
2,Papua New Guinea,81.2,18.8,2022,Very Unsafe,1.0
2,Papua New Guinea,79.9,20.1,2023,Very Unsafe,-1.2999999999999972
2,Papua New Guinea,79.7,20.3,2024,Very Unsafe,-0.20000000000000284
2,Papua New Guinea,80.3,19.7,2025,Very Unsafe,0.5999999999999943
42,Paraguay,49.6,50.4,2020,Moderate,
50,Paraguay,49.0,51.0,2021,Moderate,-0.6000000000000014
52,Paraguay,49.2,50.8,2022,Moderate,0.20000000000000284
52,Paraguay,50.8,49.2,2023,Moderate,1.5999999999999943
52,Paraguay,50.9,49.1,2024,Moderate,0.10000000000000142
30,Paraguay,59.8,40.2,2025,Moderate,8.899999999999999
15,Peru,64.0,36.0,2016,Unsafe,
19,Peru,63.3,36.7,2017,Unsafe,-0.7000000000000028
13,Peru,63.9,36.1,2018,Unsafe,0.6000000000000014
13,Peru,65.3,34.7,2019,Unsafe,1.3999999999999986
8,Peru,68.2,31.8,2020,Unsafe,2.9000000000000057
13,Peru,66.6,33.4,2021,Unsafe,-1.6000000000000085
11,Peru,67.1,32.9,2022,Unsafe,0.5
11,Peru,67.6,32.4,2023,Unsafe,0.5
11,Peru,67.8,32.2,2024,Unsafe,0.20000000000000284
10,Peru,67.1,32.9,2025,Unsafe,-0.7000000000000028
77,Philippines,37.6,62.4,2016,Safe,
77,Philippines,39.8,60.2,2017,Safe,2.1999999999999957
66,Philippines,40.1,59.9,2018,Safe,0.30000000000000426
68,Philippines,40.8,59.2,2019,Safe,0.6999999999999957
70,Philippines,42.2,57.8,2020,Safe,1.4000000000000057
78,Philippines,42.2,57.8,2021,Safe,0.0
84,Philippines,42.3,57.7,2022,Safe,0.09999999999999432
84,Philippines,42.7,57.3,2023,Safe,0.4000000000000057
86,Philippines,42.8,57.2,2024,Safe,0.09999999999999432
84,Philippines,43.1,56.9,2025,Safe,0.30000000000000426
92,Poland,31.4,68.6,2016,Safe,
96,Poland,31.5,68.5,2017,Safe,0.10000000000000142
87,Poland,36.2,63.8,2018,Safe,4.700000000000003
93,Poland,30.1,69.9,2019,Safe,-6.100000000000001
105,Poland,28.5,71.5,2020,Very Safe,-1.6000000000000014
109,Poland,29.3,70.7,2021,Very Safe,0.8000000000000007
114,Poland,29.8,70.2,2022,Very Safe,0.5
116,Poland,29.2,70.8,2023,Very Safe,-0.6000000000000014
117,Poland,30.7,69.3,2024,Safe,1.5
120,Poland,29.0,71.0,2025,Very Safe,-1.6999999999999993
83,Portugal,35.1,64.9,2016,Safe,
88,Portugal,35.4,64.6,2017,Safe,0.29999999999999716
89,Portugal,34.5,65.5,2018,Safe,-0.8999999999999986
91,Portugal,32.1,67.9,2019,Safe,-2.3999999999999986
101,Portugal,29.6,70.4,2020,Very Safe,-2.5
107,Portugal,29.9,70.1,2021,Very Safe,0.29999999999999716
112,Portugal,30.6,69.4,2022,Safe,0.7000000000000028
112,Portugal,31.5,68.5,2023,Safe,0.8999999999999986
115,Portugal,31.2,68.8,2024,Safe,-0.3000000000000007
113,Portugal,32.1,67.9,2025,Safe,0.9000000000000021
13,Puerto Rico,65.9,34.1,2016,Unsafe,
11,Puerto Rico,69.2,30.8,2017,Unsafe,3.299999999999997
12,Puerto Rico,64.9,35.1,2018,Unsafe,-4.299999999999997
12,Puerto Rico,65.5,34.5,2019,Unsafe,0.5999999999999943
14,Puerto Rico,65.6,34.4,2020,Unsafe,0.09999999999999432
17,Puerto Rico,63.4,36.6,2021,Unsafe,-2.1999999999999957
21,Puerto Rico,62.2,37.8,2022,Unsafe,-1.1999999999999957
22,Puerto Rico,62.0,38.0,2023,Unsafe,-0.20000000000000284
24,Puerto Rico,61.7,38.3,2024,Unsafe,-0.29999999999999716
23,Puerto Rico,61.5,38.5,2025,Unsafe,-0.20000000000000284
111,Qatar,22.3,77.7,2016,Very Safe,
125,Qatar,15.7,84.3,2017,Very Safe,-6.600000000000001
114,Qatar,15.7,84.3,2018,Very Safe,0.0
118,Qatar,13.3,86.7,2019,Very Safe,-2.3999999999999986
129,Qatar,11.9,88.1,2020,Very Safe,-1.4000000000000004
135,Qatar,12.3,87.7,2021,Very Safe,0.40000000000000036
142,Qatar,13.8,86.2,2022,Very Safe,1.5
142,Qatar,14.8,85.2,2023,Very Safe,1.0
144,Qatar,16.0,84.0,2024,Very Safe,1.1999999999999993
145,Qatar,15.8,84.2,2025,Very Safe,-0.1999999999999993
98,Romania,29.7,70.3,2016,Very Safe,
104,Romania,27.9,72.1,2017,Very Safe,-1.8000000000000007
95,Romania,29.0,71.0,2018,Very Safe,1.1000000000000014
99,Romania,27.8,72.2,2019,Very Safe,-1.1999999999999993
108,Romania,27.6,72.4,2020,Very Safe,-0.1999999999999993
111,Romania,28.3,71.7,2021,Very Safe,0.6999999999999993
117,Romania,28.8,71.2,2022,Very Safe,0.5
109,Romania,32.0,68.0,2023,Safe,3.1999999999999993
107,Romania,33.7,66.3,2024,Safe,1.7000000000000028
112,Romania,32.3,67.7,2025,Safe,-1.4000000000000057
50,Russia,47.3,52.7,2016,Moderate,
59,Russia,46.1,53.9,2017,Moderate,-1.1999999999999957
50,Russia,45.2,54.8,2018,Moderate,-0.8999999999999986
66,Russia,41.9,58.1,2019,Safe,-3.3000000000000043
74,Russia,41.1,58.9,2020,Safe,-0.7999999999999972
84,Russia,40.1,59.9,2021,Safe,-1.0
94,Russia,39.6,60.4,2022,Safe,-0.5
94,Russia,39.3,60.7,2023,Safe,-0.30000000000000426
96,Russia,39.1,60.9,2024,Safe,-0.19999999999999574
97,Russia,38.7,61.3,2025,Safe,-0.3999999999999986
120,Rwanda,25.3,74.7,2021,Very Safe,
128,Rwanda,24.3,75.7,2022,Very Safe,-1.0
118,Rwanda,27.6,72.4,2023,Very Safe,3.3000000000000007
123,Rwanda,26.8,73.2,2024,Very Safe,-0.8000000000000007
122,Rwanda,26.9,73.1,2025,Very Safe,0.09999999999999787
107,Saudi Arabia,25.2,74.8,2016,Very Safe,
113,Saudi Arabia,23.6,76.4,2017,Very Safe,-1.5999999999999979
84,Saudi Arabia,36.7,63.3,2018,Safe,13.100000000000001
94,Saudi Arabia,29.7,70.3,2019,Very Safe,-7.0000000000000036
111,Saudi Arabia,26.2,73.8,2020,Very Safe,-3.5
118,Saudi Arabia,25.9,74.1,2021,Very Safe,-0.3000000000000007
126,Saudi Arabia,24.7,75.3,2022,Very Safe,-1.1999999999999993
129,Saudi Arabia,24.6,75.4,2023,Very Safe,-0.09999999999999787
121,Saudi Arabia,26.9,73.1,2024,Very Safe,2.299999999999997
134,Saudi Arabia,23.9,76.1,2025,Very Safe,-3.0
60,Serbia,43.3,56.7,2016,Safe,
82,Serbia,38.6,61.4,2017,Safe,-4.699999999999996
76,Serbia,37.8,62.2,2018,Safe,-0.8000000000000043
77,Serbia,37.3,62.7,2019,Safe,-0.5
86,Serbia,37.4,62.6,2020,Safe,0.10000000000000142
89,Serbia,38.3,61.7,2021,Safe,0.8999999999999986
98,Serbia,38.3,61.7,2022,Safe,0.0
96,Serbia,38.2,61.8,2023,Safe,-0.09999999999999432
98,Serbia,38.3,61.7,2024,Safe,0.09999999999999432
99,Serbia,37.2,62.8,2025,Safe,-1.0999999999999943
116,Singapore,15.8,84.2,2016,Very Safe,
124,Singapore,16.6,83.4,2017,Very Safe,0.8000000000000007
113,Singapore,16.2,83.8,2018,Very Safe,-0.40000000000000213
110,Singapore,21.5,78.5,2019,Very Safe,5.300000000000001
99,Singapore,30.6,69.4,2020,Safe,9.100000000000001
101,Singapore,33.0,67.0,2021,Safe,2.3999999999999986
119,Singapore,27.6,72.4,2022,Very Safe,-5.399999999999999
115,Singapore,29.2,70.8,2023,Very Safe,1.5999999999999979
137,Singapore,23.5,76.5,2024,Very Safe,-5.699999999999999
139,Singapore,22.6,77.4,2025,Very Safe,-0.8999999999999986
85,Slovakia,33.5,66.5,2016,Safe,
99,Slovakia,30.2,69.8,2017,Safe,-3.3000000000000007
94,Slovakia,30.2,69.8,2018,Safe,0.0
95,Slovakia,29.5,70.5,2019,Very Safe,-0.6999999999999993
104,Slovakia,29.2,70.8,2020,Very Safe,-0.3000000000000007
108,Slovakia,29.7,70.3,2021,Very Safe,0.5
113,Slovakia,30.2,69.8,2022,Safe,0.5
113,Slovakia,31.4,68.6,2023,Safe,1.1999999999999993
116,Slovakia,31.1,68.9,2024,Safe,-0.29999999999999716
116,Slovakia,31.0,69.0,2025,Safe,-0.10000000000000142
104,Slovenia,26.3,73.7,2016,Very Safe,
112,Slovenia,24.1,75.9,2017,Very Safe,-2.1999999999999993
102,Slovenia,24.7,75.3,2018,Very Safe,0.5999999999999979
107,Slovenia,22.6,77.4,2019,Very Safe,-2.099999999999998
122,Slovenia,21.1,78.9,2020,Very Safe,-1.5
128,Slovenia,21.8,78.2,2021,Very Safe,0.6999999999999993
133,Slovenia,22.7,77.3,2022,Very Safe,0.8999999999999986
132,Slovenia,24.2,75.8,2023,Very Safe,1.5
133,Slovenia,24.2,75.8,2024,Very Safe,0.0
135,Slovenia,23.8,76.2,2025,Very Safe,-0.3999999999999986
29,Somalia,55.7,44.3,2016,Moderate,
27,Somalia,58.8,41.2,2017,Moderate,3.0999999999999943
20,Somalia,60.1,39.9,2019,Unsafe,1.3000000000000043
28,Somalia,58.5,41.5,2020,Moderate,-1.6000000000000014
30,Somalia,56.0,44.0,2021,Moderate,-2.5
30,Somalia,58.0,42.0,2022,Moderate,2.0
9,Somalia,68.6,31.4,2023,Unsafe,10.599999999999994
16,Somalia,65.2,34.8,2024,Unsafe,-3.3999999999999915
17,Somalia,63.9,36.1,2025,Unsafe,-1.3000000000000043
3,South Africa,78.4,21.6,2016,Very Unsafe,
5,South Africa,75.7,24.3,2017,Very Unsafe,-2.700000000000003
4,South Africa,75.7,24.3,2018,Very Unsafe,0.0
4,South Africa,76.8,23.2,2019,Very Unsafe,1.0999999999999943
3,South Africa,77.5,22.5,2020,Very Unsafe,0.7000000000000028
3,South Africa,77.1,22.9,2021,Very Unsafe,-0.4000000000000057
4,South Africa,76.1,23.9,2022,Very Unsafe,-1.0
4,South Africa,75.4,24.6,2023,Very Unsafe,-0.6999999999999886
5,South Africa,75.4,24.6,2024,Very Unsafe,0.0
5,South Africa,74.7,25.3,2025,Unsafe,-0.7000000000000028
117,South Korea,14.3,85.7,2016,Very Safe,
109,South Korea,25.3,74.7,2017,Very Safe,11.0
88,South Korea,35.8,64.2,2018,Safe,10.499999999999996
85,South Korea,34.0,66.0,2019,Safe,-1.7999999999999972
106,South Korea,28.0,72.0,2020,Very Safe,-6.0
115,South Korea,26.9,73.1,2021,Very Safe,-1.1000000000000014
122,South Korea,26.5,73.5,2022,Very Safe,-0.3999999999999986
126,South Korea,25.5,74.5,2023,Very Safe,-1.0
132,South Korea,24.9,75.1,2024,Very Safe,-0.6000000000000014
131,South Korea,24.9,75.1,2025,Very Safe,0.0
2,South Sudan,81.3,18.7,2016,Very Unsafe,
4,South Sudan,78.2,21.8,2017,Very Unsafe,-3.0999999999999943
90,Spain,31.8,68.2,2016,Safe,
97,Spain,31.3,68.7,2017,Safe,-0.5
83,Spain,36.7,63.3,2018,Safe,5.400000000000002
89,Spain,32.5,67.5,2019,Safe,-4.200000000000003
96,Spain,32.0,68.0,2020,Safe,-0.5
100,Spain,33.1,66.9,2021,Safe,1.1000000000000014
103,Spain,33.9,66.1,2022,Safe,0.7999999999999972
101,Spain,35.7,64.3,2023,Safe,1.8000000000000043
104,Spain,36.2,63.8,2024,Safe,0.5
102,Spain,36.6,63.4,2025,Safe,0.3999999999999986
54,Sri Lanka,46.3,53.7,2016,Moderate,
91,Sri Lanka,34.6,65.4,2017,Safe,-11.699999999999996
61,Sri Lanka,41.7,58.3,2018,Safe,7.100000000000001
67,Sri Lanka,41.0,59.0,2019,Safe,-0.7000000000000028
79,Sri Lanka,40.2,59.8,2020,Safe,-0.7999999999999972
82,Sri Lanka,41.2,58.8,2021,Safe,1.0
88,Sri Lanka,41.2,58.8,2022,Safe,0.0
87,Sri Lanka,41.4,58.6,2023,Safe,0.19999999999999574
89,Sri Lanka,42.1,57.9,2024,Safe,0.7000000000000028
89,Sri Lanka,42.1,57.9,2025,Safe,0.0
90,Sudan,35.0,65.0,2017,Safe,
77,Sudan,44.6,55.4,2022,Safe,9.600000000000001
69,Sudan,46.5,53.5,2023,Moderate,1.8999999999999986
77,Sudan,45.4,54.6,2024,Moderate,-1.1000000000000014
75,Sudan,45.5,54.5,2025,Moderate,0.10000000000000142
64,Sweden,43.1,56.9,2016,Safe,
58,Sweden,46.6,53.4,2017,Moderate,3.5
38,Sweden,49.3,50.7,2018,Moderate,2.6999999999999957
38,Sweden,49.3,50.7,2019,Moderate,0.0
52,Sweden,47.1,52.9,2020,Moderate,-2.1999999999999957
57,Sweden,47.2,52.8,2021,Moderate,0.10000000000000142
55,Sweden,49.0,51.0,2022,Moderate,1.7999999999999972
58,Sweden,48.5,51.5,2023,Moderate,-0.5
60,Sweden,48.4,51.6,2024,Moderate,-0.10000000000000142
63,Sweden,48.0,52.0,2025,Moderate,-0.3999999999999986
105,Switzerland,25.7,74.3,2016,Very Safe,
115,Switzerland,22.4,77.6,2017,Very Safe,-3.3000000000000007
106,Switzerland,21.8,78.2,2018,Very Safe,-0.5999999999999979
109,Switzerland,21.5,78.5,2019,Very Safe,-0.3000000000000007
121,Switzerland,21.6,78.4,2020,Very Safe,0.10000000000000142
130,Switzerland,21.3,78.7,2021,Very Safe,-0.3000000000000007
137,Switzerland,21.7,78.3,2022,Very Safe,0.3999999999999986
134,Switzerland,23.6,76.4,2023,Very Safe,1.9000000000000021
130,Switzerland,25.3,74.7,2024,Very Safe,1.6999999999999993
126,Switzerland,26.5,73.5,2025,Very Safe,1.1999999999999993
31,Syria,54.7,45.3,2016,Moderate,
15,Syria,66.3,33.7,2017,Unsafe,11.599999999999994
10,Syria,67.7,32.3,2018,Unsafe,1.4000000000000057
16,Syria,63.6,36.4,2019,Unsafe,-4.100000000000001
12,Syria,66.5,33.5,2020,Unsafe,2.8999999999999986
9,Syria,68.1,31.9,2021,Unsafe,1.5999999999999943
10,Syria,67.5,32.5,2022,Unsafe,-0.5999999999999943
8,Syria,68.8,31.2,2023,Unsafe,1.2999999999999972
8,Syria,69.1,30.9,2024,Unsafe,0.29999999999999716
8,Syria,68.1,31.9,2025,Unsafe,-1.0
113,Taiwan,21.2,78.8,2016,Very Safe,
123,Taiwan,17.2,82.8,2017,Very Safe,-4.0
109,Taiwan,20.7,79.3,2018,Very Safe,3.5
115,Taiwan,17.4,82.6,2019,Very Safe,-3.3000000000000007
128,Taiwan,15.7,84.3,2020,Very Safe,-1.6999999999999993
134,Taiwan,15.2,84.8,2021,Very Safe,-0.5
140,Taiwan,15.9,84.1,2022,Very Safe,0.7000000000000011
143,Taiwan,16.7,83.3,2024,Very Safe,0.7999999999999989
144,Taiwan,17.1,82.9,2025,Very Safe,0.40000000000000213
140,Taiwan (China),16.2,83.8,2023,Very Safe,
21,Tanzania,60.0,40.0,2016,Moderate,
24,Tanzania,61.4,38.6,2017,Unsafe,1.3999999999999986
19,Tanzania,59.8,40.2,2018,Moderate,-1.6000000000000014
23,Tanzania,59.0,41.0,2019,Moderate,-0.7999999999999972
25,Tanzania,59.0,41.0,2020,Moderate,0.0
28,Tanzania,56.6,43.4,2021,Moderate,-2.3999999999999986
34,Tanzania,56.3,43.7,2022,Moderate,-0.30000000000000426
35,Tanzania,55.5,44.5,2023,Moderate,-0.7999999999999972
40,Tanzania,54.5,45.5,2024,Moderate,-1.0
44,Tanzania,53.5,46.5,2025,Moderate,-1.0
65,Thailand,42.6,57.4,2016,Safe,
47,Thailand,49.8,50.2,2017,Moderate,7.199999999999996
46,Thailand,47.3,52.7,2018,Moderate,-2.5
49,Thailand,46.7,53.3,2019,Moderate,-0.5999999999999943
77,Thailand,40.5,59.5,2020,Safe,-6.200000000000003
86,Thailand,39.4,60.6,2021,Safe,-1.1000000000000014
95,Thailand,39.3,60.7,2022,Safe,-0.10000000000000142
95,Thailand,38.7,61.3,2023,Safe,-0.5999999999999943
100,Thailand,37.9,62.1,2024,Safe,-0.8000000000000043
98,Thailand,37.3,62.7,2025,Safe,-0.6000000000000014
7,Trinidad And Tobago,72.6,27.4,2016,Unsafe,
10,Trinidad And Tobago,70.2,29.8,2017,Unsafe,-2.3999999999999915
5,Trinidad And Tobago,72.2,27.8,2018,Unsafe,2.0
6,Trinidad And Tobago,74.0,26.0,2019,Unsafe,1.7999999999999972
6,Trinidad And Tobago,73.2,26.8,2020,Unsafe,-0.7999999999999972
6,Trinidad And Tobago,70.9,29.1,2021,Unsafe,-2.299999999999997
6,Trinidad And Tobago,71.4,28.6,2022,Unsafe,0.5
6,Trinidad And Tobago,70.6,29.4,2023,Unsafe,-0.8000000000000114
7,Trinidad And Tobago,70.8,29.2,2024,Unsafe,0.20000000000000284
7,Trinidad And Tobago,70.9,29.1,2025,Unsafe,0.10000000000000853
73,Tunisia,38.9,61.1,2016,Safe,
73,Tunisia,40.9,59.1,2017,Safe,2.0
64,Tunisia,40.4,59.6,2018,Safe,-0.5
65,Tunisia,42.3,57.7,2019,Safe,1.8999999999999986
71,Tunisia,41.9,58.1,2020,Safe,-0.3999999999999986
73,Tunisia,43.4,56.6,2021,Safe,1.5
78,Tunisia,44.3,55.7,2022,Safe,0.8999999999999986
78,Tunisia,44.6,55.4,2023,Safe,0.30000000000000426
81,Tunisia,44.4,55.6,2024,Safe,-0.20000000000000284
78,Tunisia,45.1,54.9,2025,Moderate,0.7000000000000028
71,Turkey,39.4,60.6,2016,Safe,
71,Turkey,41.1,58.9,2017,Safe,1.7000000000000028
63,Turkey,41.1,58.9,2018,Safe,0.0
70,Turkey,40.4,59.6,2019,Safe,-0.7000000000000028
82,Turkey,39.5,60.5,2020,Safe,-0.8999999999999986
85,Turkey,39.5,60.5,2021,Safe,0.0
93,Turkey,39.7,60.3,2022,Safe,0.20000000000000284
92,Turkey,40.1,59.9,2023,Safe,0.3999999999999986
93,Turkey,40.9,59.1,2024,Safe,0.7999999999999972
91,Turkey,41.2,58.8,2025,Safe,0.30000000000000426
29,Uganda,56.9,43.1,2017,Moderate,
29,Uganda,53.3,46.7,2019,Moderate,-3.6000000000000014
24,Uganda,59.0,41.0,2020,Moderate,5.700000000000003
29,Uganda,56.1,43.9,2021,Moderate,-2.8999999999999986
35,Uganda,56.2,43.8,2022,Moderate,0.10000000000000142
37,Uganda,54.9,45.1,2023,Moderate,-1.3000000000000043
39,Uganda,55.0,45.0,2024,Moderate,0.10000000000000142
42,Uganda,54.1,45.9,2025,Moderate,-0.8999999999999986
43,Ukraine,48.6,51.4,2016,Moderate,
41,Ukraine,51.3,48.7,2017,Moderate,2.6999999999999957
37,Ukraine,49.4,50.6,2018,Moderate,-1.8999999999999986
41,Ukraine,48.9,51.1,2019,Moderate,-0.5
46,Ukraine,48.9,51.1,2020,Moderate,0.0
54,Ukraine,48.3,51.7,2021,Moderate,-0.6000000000000014
62,Ukraine,46.9,53.1,2022,Moderate,-1.3999999999999986
68,Ukraine,46.7,53.3,2023,Moderate,-0.19999999999999574
68,Ukraine,46.9,53.1,2024,Moderate,0.19999999999999574
68,Ukraine,47.0,53.0,2025,Moderate,0.10000000000000142
110,United Arab Emirates,23.1,76.9,2016,Very Safe,
121,United Arab Emirates,20.7,79.3,2017,Very Safe,-2.400000000000002
112,United Arab Emirates,18.7,81.3,2018,Very Safe,-2.0
116,United Arab Emirates,16.3,83.7,2019,Very Safe,-2.3999999999999986
127,United Arab Emirates,15.7,84.3,2020,Very Safe,-0.6000000000000014
133,United Arab Emirates,15.4,84.6,2021,Very Safe,-0.29999999999999893
141,United Arab Emirates,15.1,84.9,2022,Very Safe,-0.3000000000000007
141,United Arab Emirates,15.1,84.9,2023,Very Safe,0.0
145,United Arab Emirates,15.6,84.4,2024,Very Safe,0.5
146,United Arab Emirates,15.5,84.5,2025,Very Safe,-0.09999999999999964
62,United Kingdom,43.1,56.9,2016,Safe,
70,United Kingdom,41.2,58.8,2017,Safe,-1.8999999999999986
62,United Kingdom,41.2,58.8,2018,Safe,0.0
62,United Kingdom,42.7,57.3,2019,Safe,1.5
65,United Kingdom,43.7,56.3,2020,Safe,1.0
65,United Kingdom,45.3,54.7,2021,Moderate,1.5999999999999943
68,United Kingdom,46.5,53.5,2022,Moderate,1.2000000000000028
65,United Kingdom,46.9,53.1,2023,Moderate,0.3999999999999986
63,United Kingdom,47.4,52.6,2024,Moderate,0.5
61,United Kingdom,48.3,51.7,2025,Moderate,0.8999999999999986
42,United States,48.9,51.1,2016,Moderate,
53,United States,48.8,51.2,2017,Moderate,-0.10000000000000142
35,United States,49.6,50.4,2018,Moderate,0.8000000000000043
45,United States,47.1,52.9,2019,Moderate,-2.5
50,United States,47.2,52.8,2020,Moderate,0.10000000000000142
56,United States,47.7,52.3,2021,Moderate,0.5
57,United States,48.2,51.8,2022,Moderate,0.5
55,United States,49.0,51.0,2023,Moderate,0.7999999999999972
58,United States,49.3,50.7,2024,Moderate,0.29999999999999716
59,United States,49.2,50.8,2025,Moderate,-0.09999999999999432
33,Uruguay,53.1,46.9,2016,Moderate,
40,Uruguay,51.6,48.4,2017,Moderate,-1.5
29,Uruguay,51.8,48.2,2018,Moderate,0.19999999999999574
31,Uruguay,52.0,48.0,2019,Moderate,0.20000000000000284
35,Uruguay,53.8,46.2,2020,Moderate,1.7999999999999972
44,Uruguay,51.2,48.8,2021,Moderate,-2.5999999999999943
49,Uruguay,51.4,48.6,2022,Moderate,0.19999999999999574
47,Uruguay,52.7,47.3,2023,Moderate,1.3000000000000043
49,Uruguay,52.2,47.8,2024,Moderate,-0.5
50,Uruguay,52.0,48.0,2025,Moderate,-0.20000000000000284
23,Us Virgin Islands,60.9,39.1,2022,Unsafe,
24,Us Virgin Islands,60.9,39.1,2023,Unsafe,0.0
23,Us Virgin Islands,62.1,37.9,2024,Unsafe,1.2000000000000028
29,Us Virgin Islands,59.9,40.1,2025,Moderate,-2.200000000000003
96,Uzbekistan,34.7,65.3,2021,Safe,
105,Uzbekistan,33.8,66.2,2022,Safe,-0.9000000000000057
104,Uzbekistan,33.5,66.5,2023,Safe,-0.29999999999999716
118,Uzbekistan,30.5,69.5,2024,Safe,-3.0
121,Uzbekistan,27.9,72.1,2025,Very Safe,-2.6000000000000014
1,Venezuela,84.4,15.6,2016,Very Unsafe,
1,Venezuela,85.3,14.7,2017,Very Unsafe,0.8999999999999915
1,Venezuela,82.6,17.4,2018,Very Unsafe,-2.700000000000003
1,Venezuela,83.2,16.8,2019,Very Unsafe,0.6000000000000085
1,Venezuela,84.5,15.5,2020,Very Unsafe,1.2999999999999972
1,Venezuela,84.2,15.8,2021,Very Unsafe,-0.29999999999999716
1,Venezuela,83.6,16.4,2022,Very Unsafe,-0.6000000000000085
1,Venezuela,82.6,17.4,2023,Very Unsafe,-1.0
1,Venezuela,81.2,18.8,2024,Very Unsafe,-1.3999999999999915
1,Venezuela,80.7,19.3,2025,Very Unsafe,-0.5
30,Vietnam,55.7,44.3,2016,Moderate,
37,Vietnam,53.0,47.0,2017,Moderate,-2.700000000000003
28,Vietnam,52.2,47.8,2018,Moderate,-0.7999999999999972
42,Vietnam,48.8,51.2,2019,Moderate,-3.4000000000000057
58,Vietnam,45.3,54.7,2020,Moderate,-3.5
63,Vietnam,46.1,53.9,2021,Moderate,0.8000000000000043
72,Vietnam,45.8,54.2,2022,Moderate,-0.30000000000000426
80,Vietnam,44.5,55.5,2023,Safe,-1.2999999999999972
87,Vietnam,42.2,57.8,2024,Safe,-2.299999999999997
94,Vietnam,40.8,59.2,2025,Safe,-1.4000000000000057
9,Yemen,68.6,31.4,2024,Unsafe,
18,Yemen,63.7,36.3,2025,Unsafe,-4.8999999999999915
74,Zambia,43.2,56.8,2021,Safe,
69,Zambia,46.3,53.7,2022,Moderate,3.0999999999999943
56,Zambia,48.8,51.2,2023,Moderate,2.5
73,Zambia,46.4,53.6,2024,Moderate,-2.3999999999999986
74,Zambia,45.6,54.4,2025,Moderate,-0.7999999999999972
20,Zimbabwe,60.0,40.0,2016,Moderate,
36,Zimbabwe,53.5,46.5,2017,Moderate,-6.5
23,Zimbabwe,54.6,45.4,2018,Moderate,1.1000000000000014
33,Zimbabwe,51.8,48.2,2019,Moderate,-2.8000000000000043
31,Zimbabwe,57.5,42.5,2020,Moderate,5.700000000000003
24,Zimbabwe,58.9,41.1,2021,Moderate,1.3999999999999986
26,Zimbabwe,59.7,40.3,2022,Moderate,0.8000000000000043
26,Zimbabwe,60.5,39.5,2023,Unsafe,0.7999999999999972
28,Zimbabwe,60.9,39.1,2024,Unsafe,0.3999999999999986
25,Zimbabwe,60.7,39.3,2025,Unsafe,-0.19999999999999574
