Rank,Country,Cost of Living Index,Rent Index,Cost of Living Plus Rent Index,Groceries Index,Restaurant Price Index,Local Purchasing Power Index,year,cost_rank
2,Switzerland,123.1,55.1,90.4,123.9,119.1,178.7,2016,2
3,Bahamas,107.5,38.2,74.2,107.1,88.4,59.0,2016,3
4,Norway,99.8,37.0,69.6,93.3,110.8,125.8,2016,4
5,Iceland,96.5,35.4,67.1,91.4,98.8,94.0,2016,5
6,Denmark,84.9,30.8,58.9,69.2,97.9,142.1,2016,6
7,Singapore,83.7,73.9,79.0,75.8,53.8,110.5,2016,7
8,Luxembourg,82.0,48.9,66.1,69.2,90.3,154.4,2016,8
9,Kuwait,81.6,38.3,60.8,96.1,46.0,113.6,2016,9
11,Japan,81.3,29.8,56.5,86.9,47.4,117.6,2016,11
12,United Kingdom,81.0,36.3,59.5,68.5,86.7,120.0,2016,12
13,Australia,78.5,41.0,60.4,74.7,74.8,147.3,2016,13
14,New Zealand,78.2,29.7,54.9,72.1,75.4,115.5,2016,14
15,Ireland,78.0,37.9,58.7,66.6,82.3,125.7,2016,15
16,Israel,75.7,26.8,52.2,65.7,77.3,115.5,2016,16
17,Sweden,75.7,25.2,51.4,67.9,79.2,128.2,2016,16
18,Belgium,75.4,31.4,54.3,67.2,82.9,106.7,2016,18
19,France,75.3,26.2,51.7,69.6,73.5,118.5,2016,19
20,Finland,75.2,27.0,52.1,66.6,76.8,132.9,2016,20
21,United States,74.1,38.4,56.9,75.7,69.1,139.2,2016,21
22,South Korea,73.2,34.4,54.5,86.2,41.2,120.6,2016,22
23,Netherlands,72.1,31.8,52.7,56.1,80.7,129.3,2016,23
24,Qatar,70.0,74.5,72.2,59.5,69.3,141.9,2016,24
25,Italy,68.8,21.5,46.0,58.6,75.3,105.7,2016,25
26,Puerto Rico,66.7,19.7,44.1,65.9,58.7,108.3,2016,26
27,Austria,66.6,26.2,47.2,61.7,62.6,120.5,2016,27
28,United Arab Emirates,66.1,68.3,67.1,57.2,59.8,136.4,2016,28
29,Germany,65.5,24.0,45.6,53.1,60.7,147.6,2016,29
30,Canada,64.8,26.8,46.6,65.0,60.0,134.8,2016,30
31,Argentina,64.1,18.1,42.0,52.5,64.2,74.9,2016,31
33,Ghana,63.4,53.3,58.6,59.3,51.9,18.4,2016,33
34,Lebanon,63.1,35.1,49.6,48.8,59.7,66.6,2016,34
35,Malta,61.4,20.2,41.6,51.9,66.6,82.8,2016,35
38,Costa Rica,57.8,16.1,37.8,56.9,46.5,67.6,2016,38
39,Cyprus,57.0,13.1,35.9,48.0,59.7,93.8,2016,39
40,Spain,56.1,18.9,38.2,46.0,57.0,105.3,2016,40
42,Jamaica,55.7,12.6,35.0,54.1,38.7,48.8,2016,42
43,Trinidad And Tobago,55.7,22.4,39.7,53.8,48.6,68.2,2016,42
44,Uruguay,55.6,15.8,36.5,48.1,52.8,50.6,2016,44
45,Zimbabwe,54.5,14.6,35.3,46.0,45.4,36.4,2016,45
46,Greece,54.4,9.5,32.8,44.7,55.1,79.3,2016,46
47,Oman,53.1,24.7,39.5,47.1,43.9,148.2,2016,47
48,Jordan,53.1,12.0,33.4,43.8,52.4,50.9,2016,47
49,Palestine,52.9,9.2,31.9,49.8,38.0,53.5,2016,49
50,Panama,52.6,30.5,42.0,55.3,40.4,48.1,2016,50
51,Slovenia,52.2,14.7,34.2,42.8,42.8,89.8,2016,51
54,Dominican Republic,51.4,12.1,32.5,48.0,39.3,36.4,2016,54
55,Iraq,50.6,17.4,34.6,42.1,45.9,57.2,2016,55
56,Portugal,49.8,15.3,33.2,40.6,41.6,75.5,2016,56
57,Tanzania,49.5,25.7,38.1,42.8,35.7,53.9,2016,57
58,Estonia,48.9,13.5,31.9,38.5,44.1,77.4,2016,58
59,Croatia,48.2,9.7,29.7,40.7,37.6,67.9,2016,59
60,Bahrain,48.2,33.7,41.2,44.1,48.6,101.0,2016,59
61,China,48.1,23.2,36.1,53.3,29.3,77.4,2016,61
62,Mauritius,47.9,15.1,32.1,44.1,37.2,71.9,2016,62
63,Honduras,47.8,9.6,29.5,44.3,33.5,70.7,2016,63
64,Saudi Arabia,47.6,13.8,31.3,41.8,30.0,167.9,2016,64
65,Cambodia,47.3,12.4,30.5,52.2,22.6,16.4,2016,65
66,Nigeria,47.2,22.9,35.5,42.7,35.8,48.9,2016,66
67,Latvia,47.1,12.7,30.6,36.3,40.4,61.5,2016,67
68,Lithuania,45.6,12.4,29.6,37.3,35.4,61.3,2016,68
70,Turkey,45.1,10.5,28.4,39.9,31.9,64.1,2016,70
71,Slovakia,45.0,15.0,30.6,40.6,31.8,68.8,2016,71
73,Ecuador,44.3,12.1,28.8,43.4,27.9,47.6,2016,73
75,Guatemala,44.1,11.4,28.4,41.8,33.0,51.6,2016,75
76,Chile,43.9,13.1,29.1,38.5,36.2,78.4,2016,76
78,El Salvador,42.6,9.8,26.8,38.4,28.8,43.2,2016,78
79,Czech Republic,41.8,14.4,28.7,36.5,28.3,89.9,2016,79
80,Hungary,41.3,10.5,26.5,33.2,30.8,56.3,2016,80
81,Iran,41.1,16.4,29.2,38.6,35.1,47.7,2016,81
82,Thailand,40.0,15.2,28.1,43.8,20.2,40.1,2016,82
83,Kenya,39.8,12.7,26.8,37.9,29.1,31.1,2016,83
86,Vietnam,39.5,13.9,27.2,39.5,18.2,25.9,2016,86
87,Montenegro,39.5,9.2,24.9,31.8,35.8,52.5,2016,86
88,Belarus,39.4,13.2,26.9,32.4,49.3,39.2,2016,88
89,Brazil,38.9,12.3,26.1,29.9,31.5,48.7,2016,89
90,Poland,38.5,13.5,26.5,30.8,31.7,80.8,2016,90
91,Russia,38.5,17.1,28.2,32.2,42.1,57.4,2016,90
92,Peru,38.0,13.1,26.0,35.5,25.2,47.5,2016,92
94,Malaysia,37.5,11.1,24.8,37.5,19.8,96.3,2016,94
95,Bolivia,37.4,10.0,24.3,30.6,24.4,54.0,2016,95
96,Egypt,36.7,9.6,23.7,33.1,31.8,40.3,2016,96
97,Bulgaria,36.4,8.5,22.9,30.9,29.9,59.2,2016,97
98,Indonesia,36.3,9.9,23.6,40.9,18.4,35.5,2016,98
99,Morocco,35.6,9.7,23.1,31.7,24.0,48.7,2016,99
100,Bangladesh,35.5,5.3,21.0,32.6,21.3,44.5,2016,100
101,Armenia,35.5,9.8,23.1,28.3,31.0,33.1,2016,100
102,Mexico,35.0,9.9,22.9,33.7,28.2,76.5,2016,102
103,Romania,34.8,8.6,22.2,28.8,29.2,61.9,2016,103
104,South Africa,34.7,13.2,24.4,29.2,32.3,126.1,2016,104
105,Philippines,34.7,6.7,21.3,34.6,18.6,42.9,2016,104
106,Bosnia And Herzegovina,34.6,5.8,20.8,29.8,24.1,60.6,2016,106
107,Sri Lanka,34.1,8.6,21.9,38.5,21.2,33.0,2016,107
108,Albania,33.8,7.1,21.0,27.3,27.6,43.6,2016,108
109,Serbia,33.6,6.7,20.6,25.8,25.6,49.6,2016,109
111,North Macedonia,31.0,5.9,19.0,26.1,21.2,46.7,2016,111
112,Tunisia,30.7,7.1,19.3,29.9,18.3,46.2,2016,112
113,Colombia,29.2,9.5,19.7,24.7,20.9,46.0,2016,113
114,Azerbaijan,28.9,11.1,20.4,24.2,28.4,41.1,2016,114
115,Algeria,28.9,7.1,18.4,30.5,18.8,49.5,2016,114
116,Georgia,28.7,10.6,20.0,24.6,26.9,30.9,2016,116
117,Ukraine,28.6,9.5,19.4,22.4,22.7,29.7,2016,117
118,Nepal,27.3,3.0,15.6,25.0,14.4,31.2,2016,118
119,Kazakhstan,26.8,9.5,18.5,21.5,27.6,59.3,2016,119
120,Pakistan,26.7,4.7,16.1,25.4,20.6,43.3,2016,120
121,Moldova,25.7,7.1,16.8,20.4,18.6,32.0,2016,121
122,India,24.1,6.4,15.6,24.9,15.3,89.6,2016,122
2,Switzerland,122.1,56.6,90.7,122.7,119.8,95.3,2017,2
3,Iceland,111.7,46.5,80.5,103.9,119.7,77.6,2017,3
4,Norway,106.3,39.9,74.5,98.3,117.1,105.6,2017,4
5,Bahamas,104.0,40.6,73.6,103.5,90.0,34.8,2017,5
7,Japan,85.3,27.6,57.6,89.9,47.8,102.5,2017,7
8,Italy,83.7,21.5,53.9,73.9,76.2,71.8,2017,8
9,Denmark,83.0,35.0,60.0,63.8,101.0,98.8,2017,9
10,Singapore,82.4,70.2,76.6,71.7,58.3,92.7,2017,10
11,New Zealand,80.8,33.8,58.3,73.1,77.5,89.9,2017,11
12,Australia,80.7,42.5,62.4,76.9,77.1,101.9,2017,12
14,Israel,77.7,28.4,54.1,65.4,81.4,94.5,2017,14
15,Luxembourg,77.3,49.9,64.2,65.9,87.3,97.4,2017,15
16,Ireland,77.0,40.6,59.6,62.2,81.4,103.5,2017,16
17,Sweden,75.9,26.9,52.4,67.9,78.3,107.2,2017,17
18,United States,75.4,40.3,58.6,75.6,70.0,123.2,2017,19
19,South Korea,75.4,22.0,49.8,88.5,44.6,102.4,2017,19
20,Belgium,75.4,29.6,53.4,65.8,82.3,91.0,2017,19
21,Kuwait,75.2,37.8,57.3,81.4,45.8,69.7,2017,21
22,France,74.9,24.8,50.9,69.5,72.9,87.3,2017,22
23,Finland,73.1,27.0,51.0,61.5,76.4,115.0,2017,23
24,Netherlands,72.5,32.4,53.3,55.9,82.3,86.5,2017,24
25,Austria,71.5,25.9,49.6,65.9,66.9,95.7,2017,25
26,Uruguay,70.3,18.6,45.5,56.8,67.6,32.9,2017,26
27,Canada,70.2,29.8,50.8,69.3,65.6,108.0,2017,27
28,Puerto Rico,69.6,19.5,45.6,66.8,63.3,83.0,2017,28
29,United Kingdom,69.5,31.0,51.0,55.8,76.8,96.9,2017,29
30,Qatar,69.2,66.8,68.1,56.1,72.7,111.3,2017,30
31,United Arab Emirates,68.0,68.8,68.4,55.4,63.9,116.8,2017,31
32,Germany,65.5,25.4,46.3,50.1,62.6,124.9,2017,32
33,Malta,62.8,23.2,43.8,52.8,66.9,68.1,2017,33
35,Lebanon,61.7,30.9,46.9,46.9,60.2,53.6,2017,35
37,Ghana,60.5,46.7,53.9,56.3,43.4,14.5,2017,37
38,Jordan,59.2,12.5,36.8,50.2,56.2,42.3,2017,38
39,Costa Rica,58.6,18.8,39.5,57.6,45.4,53.6,2017,39
40,Bahrain,57.8,31.6,45.3,55.5,49.2,94.8,2017,40
41,Jamaica,56.9,11.9,35.3,56.0,39.0,36.6,2017,41
42,Panama,56.9,31.9,44.9,57.4,47.4,38.5,2017,41
43,Trinidad And Tobago,56.2,21.1,39.4,53.5,51.9,57.1,2017,43
44,Greece,55.9,10.2,34.0,45.0,54.6,58.2,2017,44
47,Spain,55.0,18.8,37.7,44.7,53.7,87.9,2017,47
48,Cyprus,54.1,12.3,34.0,44.1,58.0,95.9,2017,48
49,Palestine,53.5,10.3,32.8,50.0,37.8,50.5,2017,49
50,Slovenia,53.2,14.1,34.5,43.5,43.1,78.2,2017,50
52,Brazil,53.1,15.5,35.1,41.6,42.3,42.4,2017,51
53,Oman,52.6,27.9,40.8,49.3,51.3,111.9,2017,53
54,Argentina,52.6,13.9,34.0,44.1,50.4,58.4,2017,53
55,Dominican Republic,52.1,12.5,33.1,46.9,42.3,29.1,2017,55
56,Zimbabwe,51.6,13.6,33.4,44.7,40.0,27.2,2017,56
57,Mauritius,50.4,12.6,32.3,43.3,35.8,50.8,2017,57
58,Chile,50.1,15.4,33.5,43.2,44.4,61.3,2017,58
59,Estonia,49.5,14.0,32.5,36.7,46.8,68.5,2017,59
60,Portugal,49.2,16.8,33.7,39.1,41.2,62.7,2017,60
61,Tanzania,48.5,22.8,36.2,37.6,33.5,41.9,2017,61
62,Saudi Arabia,48.4,14.4,32.1,40.5,30.2,138.1,2017,62
63,Croatia,48.0,10.1,29.8,39.9,37.5,60.7,2017,63
64,Latvia,47.8,12.1,30.7,36.7,41.2,52.5,2017,64
65,Honduras,47.4,11.6,30.2,39.4,36.3,37.5,2017,65
66,Iraq,47.0,15.2,31.8,39.2,44.4,55.1,2017,66
67,Cambodia,46.8,14.5,31.3,50.6,22.1,16.6,2017,67
68,Lithuania,46.7,13.3,30.7,36.2,40.1,51.7,2017,68
70,Ecuador,46.1,12.4,30.0,44.9,30.4,37.8,2017,70
71,Guatemala,46.0,14.3,30.8,43.9,32.6,48.2,2017,71
72,El Salvador,45.9,9.4,28.4,41.2,35.2,29.7,2017,72
75,Slovakia,44.9,16.5,31.3,38.8,33.2,64.7,2017,75
76,China,44.8,18.7,32.3,47.7,29.7,67.8,2017,76
78,Thailand,43.7,14.9,29.9,48.3,21.4,34.3,2017,78
79,South Africa,43.1,16.3,30.3,36.3,40.2,99.0,2017,79
80,Hungary,42.8,12.7,28.3,33.6,32.7,47.5,2017,80
81,Russia,42.0,17.6,30.3,33.6,43.8,48.3,2017,81
82,Czech Republic,41.2,14.8,28.6,35.8,28.0,76.2,2017,82
83,Indonesia,41.1,11.7,27.0,45.8,20.3,27.6,2017,83
84,Malaysia,40.2,11.2,26.3,42.4,20.9,73.3,2017,84
85,Vietnam,40.1,15.5,28.3,39.6,20.5,24.8,2017,85
86,Peru,39.5,17.2,28.8,36.2,25.5,41.2,2017,86
87,Montenegro,39.3,9.5,25.1,31.1,35.0,46.6,2017,87
88,Kenya,39.0,9.7,25.0,37.6,30.0,31.0,2017,88
89,Bolivia,38.7,11.1,25.4,32.1,28.0,46.7,2017,89
90,Turkey,38.6,10.6,25.2,33.5,26.4,55.6,2017,90
92,Iran,38.3,17.0,28.1,33.5,33.2,43.2,2017,91
93,Poland,38.1,13.9,26.5,29.7,31.5,71.8,2017,93
94,Nigeria,36.8,17.6,27.6,37.0,22.4,25.2,2017,94
95,Bulgaria,36.5,8.9,23.3,30.5,29.6,51.4,2017,95
96,Bangladesh,36.1,5.6,21.5,32.7,24.9,37.0,2017,96
97,Romania,35.6,9.6,23.2,29.0,30.2,53.4,2017,97
98,Morocco,35.5,10.4,23.5,31.5,23.9,41.2,2017,98
99,Bosnia And Herzegovina,35.0,6.2,21.2,29.8,24.2,51.3,2017,99
100,Philippines,34.7,7.3,21.6,33.9,19.9,36.0,2017,100
101,Colombia,34.4,10.7,23.1,28.8,25.0,37.6,2017,101
103,Armenia,33.9,9.9,22.4,26.8,31.0,32.9,2017,103
104,Belarus,33.8,12.2,23.5,27.2,37.6,36.4,2017,104
105,Serbia,33.8,7.2,21.1,25.0,27.2,40.8,2017,104
106,Sri Lanka,33.5,8.7,21.6,36.8,19.5,30.3,2017,106
107,Albania,32.4,6.3,19.9,26.1,25.1,34.5,2017,107
108,Algeria,32.4,6.8,20.1,32.5,20.1,36.7,2017,107
109,North Macedonia,30.9,6.0,19.0,25.4,20.7,39.8,2017,109
110,Kazakhstan,30.7,11.3,21.4,24.8,32.0,44.8,2017,110
111,Nepal,30.0,3.4,17.2,26.4,16.3,25.1,2017,111
112,Mexico,29.8,8.4,19.5,28.1,25.8,60.1,2017,112
113,Tunisia,28.7,6.1,17.9,27.6,16.9,40.2,2017,113
114,Moldova,28.4,7.9,18.5,22.0,20.3,29.4,2017,114
116,Azerbaijan,27.8,10.7,19.6,22.9,29.2,30.8,2017,116
117,Georgia,27.4,8.6,18.4,22.3,26.7,33.0,2017,117
118,Pakistan,27.2,5.0,16.6,24.8,21.0,39.9,2017,118
119,Ukraine,26.2,9.4,18.1,19.9,19.7,26.9,2017,119
120,India,25.1,6.8,16.3,25.2,16.4,76.7,2017,120
121,Egypt,22.4,5.0,14.1,19.0,18.6,29.4,2017,121
2,Switzerland,131.4,53.8,94.0,133.3,131.9,126.1,2018,2
3,Iceland,124.0,54.6,90.5,119.0,132.6,87.8,2018,3
4,Norway,113.7,40.9,78.6,106.5,125.0,108.0,2018,4
5,Bahamas,100.7,35.3,69.2,88.4,102.1,71.4,2018,5
6,Luxembourg,96.6,59.9,78.9,85.0,107.9,116.7,2018,6
7,Denmark,93.3,36.6,66.0,72.5,113.4,117.5,2018,7
8,Singapore,91.4,71.9,82.0,83.6,64.4,95.9,2018,8
9,Japan,86.6,25.6,57.2,91.6,49.2,107.4,2018,9
10,Israel,86.5,35.6,62.0,72.4,94.9,102.3,2018,10
11,Ireland,85.4,47.2,67.0,69.5,93.2,96.1,2018,11
12,Australia,84.3,41.8,63.8,80.7,81.6,123.0,2018,12
13,France,83.9,28.6,57.2,78.1,81.9,101.2,2018,13
14,Sweden,83.7,28.0,56.8,76.1,86.7,113.0,2018,14
15,New Zealand,83.4,33.8,59.5,77.0,79.0,98.6,2018,15
16,Belgium,83.3,28.1,56.7,72.8,93.2,98.9,2018,16
17,South Korea,82.9,23.4,54.2,99.7,49.0,109.4,2018,17
18,Netherlands,82.7,36.2,60.3,65.8,92.7,109.5,2018,18
19,Finland,81.7,29.7,56.6,68.8,86.9,119.4,2018,19
20,Austria,81.5,29.3,56.3,76.8,75.8,98.7,2018,20
21,Italy,79.1,23.1,52.1,68.0,84.7,81.1,2018,21
23,United Kingdom,75.8,33.4,55.4,61.0,83.9,108.5,2018,23
24,Germany,74.3,29.1,52.5,58.9,71.2,125.0,2018,24
25,United States,73.0,38.5,56.3,73.9,70.0,127.6,2018,25
26,Canada,72.5,30.8,52.4,71.4,68.7,118.9,2018,26
27,Malta,70.9,29.3,50.9,59.8,75.1,66.2,2018,27
28,United Arab Emirates,67.2,60.7,64.1,55.6,63.3,124.8,2018,28
29,Puerto Rico,67.0,18.7,43.7,66.3,55.7,103.8,2018,29
30,Uruguay,66.9,20.0,44.3,54.5,69.2,34.3,2018,30
32,Qatar,65.4,65.3,65.3,57.5,64.8,125.0,2018,31
33,Greece,63.2,11.8,38.4,50.9,61.7,53.8,2018,33
34,Spain,61.8,22.2,42.7,51.3,60.6,90.7,2018,34
35,Jamaica,60.6,12.5,37.4,60.2,39.7,35.3,2018,35
36,Cyprus,60.3,15.4,38.7,49.7,65.4,94.8,2018,36
37,Lebanon,60.2,27.9,44.7,46.2,58.7,56.4,2018,37
38,Ghana,59.8,32.8,46.8,54.9,37.4,16.0,2018,38
39,Slovenia,59.6,15.5,38.4,50.8,48.9,80.3,2018,39
40,Bahrain,59.6,31.0,45.8,58.0,54.2,72.3,2018,39
41,Palestine,58.2,10.3,35.1,54.4,41.8,60.2,2018,41
42,Estonia,57.6,15.8,37.5,43.8,56.8,74.8,2018,42
43,Kuwait,56.9,36.3,47.0,44.0,48.5,100.6,2018,43
44,Costa Rica,56.2,17.6,37.6,55.6,45.9,54.7,2018,44
45,Portugal,55.9,20.4,38.8,45.5,46.8,62.0,2018,45
46,Chile,55.2,16.6,36.6,47.8,51.4,54.5,2018,46
47,Jordan,55.1,12.1,34.3,46.5,52.7,43.4,2018,47
48,Croatia,55.1,12.0,34.3,46.3,43.4,59.8,2018,47
49,Mauritius,55.0,13.3,34.9,49.5,39.4,46.7,2018,49
50,Trinidad And Tobago,54.6,18.8,37.3,53.4,50.3,54.9,2018,50
51,Argentina,53.7,13.8,34.5,44.6,53.7,60.2,2018,51
52,Latvia,53.4,13.3,34.1,42.5,48.0,53.1,2018,52
53,Lithuania,53.2,15.2,34.9,41.7,48.9,57.3,2018,53
54,Panama,52.4,26.6,40.0,53.0,44.3,39.1,2018,54
55,Brazil,51.3,13.9,33.3,39.7,41.2,41.6,2018,55
56,Slovakia,50.4,18.9,35.2,43.7,37.3,67.3,2018,56
57,Czech Republic,50.1,19.1,35.1,43.6,36.0,76.3,2018,57
58,Zimbabwe,49.5,12.3,31.6,44.3,37.7,27.3,2018,58
59,Oman,49.3,20.3,35.3,46.7,46.2,99.2,2018,59
60,Thailand,48.9,17.1,33.6,54.9,23.9,38.6,2018,60
61,Hungary,48.6,15.4,32.6,38.6,37.4,50.6,2018,61
62,South Africa,48.1,17.9,33.5,40.7,45.7,99.8,2018,62
63,Dominican Republic,47.9,10.3,29.8,41.9,43.6,27.4,2018,64
64,El Salvador,47.9,11.4,30.3,46.8,36.2,30.9,2018,64
65,Saudi Arabia,47.9,13.5,31.3,42.0,32.0,131.5,2018,64
67,Guatemala,46.9,14.6,31.3,44.6,36.8,41.3,2018,67
69,Cambodia,45.9,13.6,30.3,49.3,23.1,14.9,2018,69
70,Poland,45.2,16.6,31.4,35.9,37.7,74.4,2018,70
71,Tanzania,45.0,19.0,32.4,34.5,29.4,23.1,2018,71
72,Malaysia,44.7,11.5,28.7,48.2,23.2,73.0,2018,72
73,China,44.6,18.4,31.9,47.7,29.6,72.3,2018,73
74,Montenegro,44.4,10.8,28.2,35.8,38.1,48.7,2018,74
75,Ecuador,44.3,11.2,28.3,42.9,30.8,39.4,2018,75
76,Honduras,44.3,10.6,28.1,36.6,33.0,34.9,2018,75
77,Russia,43.9,16.6,30.7,35.9,45.9,51.1,2018,77
78,Iraq,43.9,12.8,28.9,37.7,38.4,51.2,2018,77
79,Turkey,41.8,10.4,26.6,36.2,31.2,53.8,2018,79
80,Bulgaria,41.2,9.8,26.1,35.2,33.6,54.4,2018,80
81,Indonesia,39.7,8.5,24.7,43.5,19.5,37.5,2018,81
82,Romania,39.7,10.9,25.8,32.8,33.3,66.2,2018,81
83,Peru,39.6,14.4,27.5,35.9,26.3,37.1,2018,83
84,Serbia,39.6,8.4,24.6,30.0,31.5,41.8,2018,83
85,Vietnam,39.4,15.1,27.7,39.1,20.0,30.1,2018,85
86,Bosnia And Herzegovina,39.3,6.9,23.7,33.8,26.7,52.4,2018,86
87,Kenya,38.7,8.7,24.2,36.6,31.6,32.1,2018,87
88,Albania,37.9,7.3,23.1,30.9,29.1,37.0,2018,88
89,Morocco,37.1,11.5,24.7,33.3,25.8,45.1,2018,89
90,Bolivia,36.5,9.9,23.7,28.8,28.5,44.7,2018,90
91,Philippines,36.0,8.0,22.5,34.3,20.9,34.0,2018,91
92,Colombia,35.3,10.1,23.2,29.5,26.7,38.6,2018,92
93,North Macedonia,34.8,6.9,21.4,28.7,23.6,42.6,2018,93
94,Nigeria,34.7,16.0,25.6,35.8,22.1,19.6,2018,94
95,Iran,34.6,15.9,25.6,31.0,27.3,45.6,2018,95
96,Sri Lanka,34.3,8.3,21.8,38.4,19.7,29.6,2018,96
97,Kazakhstan,34.3,11.2,23.2,28.1,35.4,40.8,2018,96
98,Belarus,34.1,10.6,22.7,27.9,35.8,41.3,2018,98
99,Mexico,33.6,9.5,22.0,32.2,29.5,58.2,2018,99
100,Armenia,33.5,8.8,21.6,27.8,31.2,31.8,2018,100
101,Moldova,33.1,8.8,21.4,26.6,23.5,29.3,2018,101
103,Nepal,32.6,4.4,19.0,30.2,19.0,25.3,2018,103
105,Algeria,32.1,6.0,19.5,33.8,17.6,36.0,2018,105
106,Bangladesh,32.0,5.5,19.2,30.2,21.2,39.6,2018,106
107,Azerbaijan,30.6,9.5,20.4,27.4,30.6,28.7,2018,107
108,Georgia,29.7,9.8,20.1,24.6,29.2,35.5,2018,108
111,Tunisia,27.7,5.8,17.1,26.4,17.1,38.2,2018,111
112,India,26.9,6.8,17.2,27.5,18.3,79.3,2018,112
113,Ukraine,26.0,8.9,17.7,20.4,18.6,30.2,2018,113
114,Egypt,25.7,5.1,15.7,23.0,21.0,24.7,2018,114
115,Pakistan,25.1,5.3,15.5,23.8,19.0,41.1,2018,115
1,Switzerland,121.2,50.2,87.1,120.8,123.1,129.7,2019,1
2,Iceland,101.9,48.3,76.1,92.1,111.8,91.8,2019,2
3,Norway,101.0,37.3,70.4,92.7,111.5,103.6,2019,3
4,Bahamas,92.4,33.5,64.1,77.0,99.9,57.0,2019,4
5,Luxembourg,86.1,55.6,71.5,75.1,96.1,106.3,2019,5
6,Japan,83.3,28.0,56.7,83.6,48.8,103.1,2019,6
7,Denmark,81.4,32.9,58.1,63.6,95.1,114.4,2019,7
9,South Korea,76.9,22.2,50.7,89.7,44.8,103.4,2019,9
10,Ireland,75.3,41.8,59.2,59.1,82.6,95.1,2019,10
11,France,74.9,26.2,51.5,68.3,75.4,91.6,2019,11
12,Netherlands,74.8,34.7,55.6,58.8,83.5,102.5,2019,12
13,Israel,74.3,29.4,52.7,61.9,80.8,92.5,2019,13
14,Belgium,73.0,25.8,50.3,60.9,83.4,95.1,2019,14
15,Finland,72.8,26.1,50.4,60.0,77.9,112.3,2019,15
16,New Zealand,72.6,31.6,52.9,65.7,68.8,101.1,2019,16
17,Australia,72.1,35.5,54.5,66.9,70.7,122.9,2019,17
18,Austria,71.8,27.6,50.6,65.6,70.1,96.7,2019,18
19,Sweden,71.6,26.0,49.7,63.5,75.0,111.4,2019,19
20,United States,69.9,39.0,55.1,67.4,69.3,122.0,2019,20
21,Singapore,69.8,53.1,61.8,57.5,46.7,103.8,2019,21
22,Italy,69.2,21.7,46.4,58.3,75.7,77.5,2019,22
23,Germany,67.6,26.8,48.0,54.3,63.6,116.2,2019,23
24,United Kingdom,65.3,28.6,47.7,51.9,72.4,105.7,2019,24
25,Canada,65.0,28.3,47.4,62.4,61.8,109.4,2019,25
26,Puerto Rico,63.8,18.0,41.8,61.7,54.8,98.4,2019,26
27,Malta,63.3,28.7,46.7,51.2,67.3,59.7,2019,27
29,Qatar,59.1,46.6,53.1,47.7,61.9,138.3,2019,29
30,Jamaica,58.8,14.7,37.6,58.8,42.3,34.7,2019,30
31,Lebanon,58.1,26.9,43.1,43.3,56.8,54.0,2019,31
32,Uruguay,57.3,16.2,37.6,45.1,56.3,47.8,2019,32
33,Bahrain,56.7,29.6,43.7,51.2,52.2,74.6,2019,33
34,Greece,56.7,10.8,34.6,43.7,54.8,49.6,2019,33
35,United Arab Emirates,56.2,41.0,48.9,43.2,53.9,119.6,2019,35
36,Cyprus,55.6,20.2,38.6,44.3,59.8,75.3,2019,36
37,Jordan,55.0,11.9,34.3,44.4,52.3,41.7,2019,37
38,Spain,54.7,20.7,38.4,44.0,54.1,83.8,2019,38
39,Slovenia,52.5,15.4,34.7,43.3,43.8,75.4,2019,39
40,Mauritius,52.4,11.5,32.8,47.9,39.1,39.8,2019,40
42,Trinidad And Tobago,52.1,17.1,35.3,50.0,46.0,57.0,2019,42
43,Zimbabwe,51.6,11.7,32.4,45.7,36.8,27.7,2019,43
44,Kuwait,51.5,32.9,42.6,39.9,47.3,102.0,2019,44
45,Panama,51.4,24.6,38.6,48.2,47.1,41.3,2019,45
46,Ghana,51.1,31.6,41.7,44.8,31.7,18.7,2019,46
47,Estonia,51.0,15.4,33.9,37.1,51.2,76.0,2019,47
49,Costa Rica,50.9,15.5,33.9,47.9,42.6,47.1,2019,48
50,Portugal,50.4,21.1,36.3,40.2,43.1,55.2,2019,50
51,Palestine,50.2,9.0,30.4,43.9,37.3,57.2,2019,51
53,Latvia,49.2,12.0,31.4,36.7,45.5,55.2,2019,53
54,Croatia,49.2,11.6,31.1,40.3,40.4,60.3,2019,53
55,Chile,47.7,15.2,32.1,40.5,45.1,54.1,2019,55
56,Saudi Arabia,47.6,11.4,30.2,39.1,30.9,118.6,2019,56
57,Thailand,47.5,17.7,33.2,50.0,24.6,40.9,2019,57
58,Cambodia,46.8,14.4,31.3,44.2,24.4,12.5,2019,58
59,Oman,46.2,19.9,33.6,40.0,44.4,88.5,2019,59
60,El Salvador,46.1,14.2,30.8,45.6,35.5,30.1,2019,60
61,Lithuania,45.9,12.9,30.1,35.4,43.9,60.3,2019,61
63,Czech Republic,45.1,18.3,32.2,38.1,33.2,71.3,2019,63
64,Slovakia,45.0,16.1,31.1,38.5,33.6,63.2,2019,64
65,Dominican Republic,44.9,10.2,28.3,35.7,42.4,26.0,2019,65
67,Brazil,42.8,11.5,27.7,31.3,34.8,37.4,2019,67
68,South Africa,42.5,16.5,30.0,33.9,40.8,83.0,2019,68
69,Honduras,42.1,10.8,27.1,33.6,31.5,35.2,2019,69
70,Hungary,42.0,13.6,28.4,32.4,33.4,54.7,2019,70
71,Ecuador,42.0,11.6,27.4,37.9,29.4,40.8,2019,70
72,Guatemala,41.7,13.9,28.4,38.0,32.3,41.8,2019,72
74,Iraq,39.6,11.5,26.1,34.1,31.8,47.6,2019,74
75,Montenegro,39.6,9.9,25.4,30.8,34.2,46.3,2019,74
76,Malaysia,39.4,10.9,25.7,39.7,22.7,73.1,2019,76
77,China,39.2,17.4,28.7,39.9,28.2,69.0,2019,77
78,Poland,39.1,14.9,27.5,30.7,32.7,70.0,2019,78
79,Kenya,38.2,10.0,24.7,33.2,31.2,32.5,2019,79
80,Vietnam,37.7,13.1,25.9,37.9,18.9,33.3,2019,80
81,Bulgaria,37.2,9.2,23.7,31.1,29.9,52.2,2019,81
82,Peru,37.2,12.0,25.1,32.7,23.7,37.5,2019,81
83,Romania,36.5,10.0,23.7,29.9,32.3,61.2,2019,83
84,Indonesia,36.2,8.4,22.9,38.1,18.0,33.0,2019,84
85,Albania,36.2,8.2,22.7,28.6,29.3,33.8,2019,84
86,Iran,35.8,16.9,26.7,32.6,26.9,37.7,2019,86
87,Bosnia And Herzegovina,35.7,6.3,21.6,28.8,23.8,49.2,2019,87
88,Russia,35.5,12.7,24.5,29.2,37.0,45.4,2019,88
89,Serbia,35.4,8.1,22.3,26.3,27.8,39.9,2019,89
90,Turkey,35.2,7.2,21.8,30.4,23.7,45.3,2019,90
91,Philippines,35.1,8.1,22.1,32.6,19.7,29.5,2019,91
92,Tanzania,34.7,16.0,25.8,28.6,25.2,22.7,2019,92
93,Bolivia,34.4,10.9,23.1,26.9,28.0,44.0,2019,93
94,Morocco,34.0,9.5,22.2,29.9,23.9,41.4,2019,94
95,Belarus,33.1,10.0,22.0,27.8,36.0,44.6,2019,95
96,Argentina,33.1,9.5,21.8,26.3,32.5,55.0,2019,95
97,Mexico,32.7,10.1,21.8,30.3,30.2,50.0,2019,97
98,Armenia,32.5,9.9,21.7,25.8,32.5,33.1,2019,98
100,Moldova,32.3,8.0,20.6,25.0,27.7,30.7,2019,99
101,Bangladesh,31.8,5.4,19.2,29.5,19.0,39.8,2019,101
102,North Macedonia,31.6,6.5,19.5,24.8,23.7,39.8,2019,102
103,Nigeria,31.2,29.0,30.2,31.8,19.2,15.1,2019,103
104,Algeria,30.6,5.5,18.5,32.0,16.4,32.9,2019,104
106,Sri Lanka,30.2,7.6,19.4,33.6,17.4,27.3,2019,106
107,Colombia,30.1,9.2,20.1,24.3,22.5,34.7,2019,107
108,Kazakhstan,29.8,9.8,20.2,23.8,29.8,38.8,2019,108
109,Nepal,29.6,4.6,17.6,25.4,19.7,26.3,2019,109
110,Azerbaijan,29.1,8.7,19.3,24.1,30.7,32.0,2019,110
111,Georgia,28.8,8.5,19.1,23.4,27.1,33.2,2019,111
112,Ukraine,27.9,9.5,19.1,22.5,22.1,32.7,2019,112
114,Egypt,26.5,5.0,16.2,23.2,22.3,23.7,2019,114
117,India,24.2,5.8,15.4,24.2,17.2,66.9,2019,117
118,Tunisia,23.7,5.0,14.7,22.3,13.3,38.0,2019,118
119,Pakistan,20.4,4.5,12.8,18.2,15.4,38.6,2019,119
1,Switzerland,122.4,50.3,87.9,120.3,123.0,119.5,2020,1
2,Norway,101.4,36.2,70.2,91.1,109.3,88.4,2020,2
3,Iceland,100.5,47.0,74.9,86.9,113.7,79.4,2020,3
4,Japan,83.3,26.0,55.9,81.8,48.9,87.3,2020,4
5,Denmark,83.0,31.9,58.6,61.7,100.8,100.9,2020,5
6,Bahamas,82.5,36.4,60.4,62.7,83.7,54.2,2020,6
7,Luxembourg,81.9,54.9,69.0,69.1,89.8,103.9,2020,7
8,Israel,81.2,31.3,57.3,66.3,88.6,78.1,2020,8
9,Singapore,81.1,63.3,72.6,66.8,59.0,89.0,2020,9
10,South Korea,78.2,22.9,51.7,91.3,44.9,85.2,2020,10
13,Ireland,75.9,43.9,60.6,58.4,81.2,80.9,2020,13
14,France,74.1,25.4,50.8,67.9,72.5,80.4,2020,14
15,Netherlands,73.7,35.2,55.3,55.9,80.5,90.7,2020,15
16,Australia,73.5,34.9,55.0,67.2,70.3,107.3,2020,16
17,New Zealand,72.5,32.1,53.2,64.7,68.8,92.7,2020,17
18,Belgium,71.8,25.4,49.6,58.7,80.1,86.3,2020,18
20,United States,71.1,40.3,56.4,66.6,70.7,109.5,2020,20
21,Austria,70.4,26.8,49.5,61.7,68.1,82.4,2020,21
22,Finland,70.3,26.2,49.2,56.5,76.8,99.9,2020,22
23,Sweden,69.8,25.9,48.8,60.5,72.3,101.7,2020,23
24,Canada,67.6,30.7,50.0,63.7,63.5,95.1,2020,24
25,Puerto Rico,67.5,19.3,44.5,65.8,58.7,79.4,2020,25
26,Malta,67.5,31.0,50.0,54.9,75.9,46.3,2020,25
27,United Kingdom,67.3,29.8,49.4,51.3,74.1,91.7,2020,27
28,Italy,67.3,21.2,45.2,55.4,72.3,65.6,2020,27
29,Germany,65.3,27.1,47.0,49.2,61.6,102.4,2020,29
31,Qatar,64.0,47.4,56.1,53.6,66.8,111.7,2020,31
32,United Arab Emirates,62.0,41.1,52.0,47.6,61.3,91.6,2020,32
34,Lebanon,60.5,24.5,43.3,43.9,58.2,44.5,2020,34
35,Bahrain,58.9,30.9,45.6,48.1,54.5,57.9,2020,35
36,Cyprus,57.9,20.5,40.0,44.2,63.1,57.4,2020,36
37,Jamaica,57.8,15.2,37.5,59.0,38.1,32.4,2020,37
38,Greece,55.7,11.7,34.6,41.6,53.7,43.7,2020,38
39,Zimbabwe,55.3,11.0,34.1,50.8,40.8,26.0,2020,39
40,Palestine,54.5,8.8,32.7,46.7,38.9,46.9,2020,40
42,Panama,54.2,24.8,40.1,53.0,47.3,34.2,2020,42
43,Costa Rica,54.0,15.5,35.6,49.6,43.5,42.6,2020,43
44,Spain,53.8,21.8,38.5,42.4,52.1,72.0,2020,44
45,Trinidad And Tobago,53.7,17.3,36.3,49.4,49.8,45.7,2020,45
46,Jordan,53.7,11.5,33.5,43.3,47.1,34.9,2020,45
47,Slovenia,53.4,17.1,36.0,43.8,45.4,66.3,2020,47
48,Mauritius,53.0,12.0,33.4,48.9,44.0,30.9,2020,48
49,Uruguay,51.0,14.4,33.5,40.1,47.4,37.5,2020,49
50,Estonia,50.9,15.4,33.9,36.6,52.9,71.3,2020,50
51,Kuwait,50.4,31.2,41.2,34.7,47.1,85.6,2020,51
52,Thailand,49.8,17.1,34.1,49.2,24.9,35.5,2020,52
53,Croatia,49.7,13.5,32.4,39.9,42.4,50.4,2020,53
54,Portugal,49.5,21.8,36.3,38.1,42.5,49.4,2020,54
55,Oman,49.3,18.0,34.3,43.5,44.3,81.0,2020,55
57,Saudi Arabia,48.3,11.4,30.7,37.9,33.5,100.0,2020,57
58,Latvia,47.9,12.3,30.9,34.9,42.9,52.5,2020,58
59,Cambodia,47.5,14.9,31.9,44.6,25.2,11.3,2020,59
61,Czech Republic,46.1,19.6,33.4,38.1,34.1,62.8,2020,61
62,El Salvador,45.6,13.5,30.2,43.7,34.8,24.7,2020,62
65,Slovakia,44.5,16.1,30.9,37.5,33.8,56.9,2020,65
66,Lithuania,44.3,13.6,29.6,33.6,42.7,57.8,2020,66
67,Dominican Republic,44.1,10.6,28.1,35.9,38.3,24.0,2020,67
68,Chile,43.6,13.4,29.2,36.4,41.6,42.5,2020,68
72,South Africa,42.9,16.6,30.3,33.3,40.6,73.6,2020,72
73,Guatemala,42.7,15.3,29.6,37.4,33.0,39.8,2020,73
74,Honduras,42.2,10.6,27.1,33.3,30.5,30.3,2020,74
76,Ecuador,41.0,12.0,27.1,35.5,30.7,36.1,2020,76
77,Hungary,40.9,14.0,28.0,30.8,34.5,47.6,2020,77
78,Brazil,40.2,10.6,26.1,29.2,30.8,32.8,2020,78
79,Kenya,40.2,10.7,26.1,35.4,35.1,27.3,2020,78
80,China,40.0,16.4,28.7,40.4,29.2,60.9,2020,80
81,Poland,40.0,15.7,28.4,30.6,33.4,59.6,2020,80
82,Russia,39.2,11.4,25.9,31.1,39.6,38.9,2020,82
84,Malaysia,39.1,11.0,25.7,37.6,22.9,64.5,2020,83
85,Iraq,39.0,11.3,25.8,31.8,32.7,42.4,2020,85
86,Iran,39.0,14.5,27.3,35.5,25.1,22.7,2020,85
88,Peru,38.7,12.8,26.3,33.8,24.7,34.0,2020,87
89,Vietnam,38.3,13.6,26.5,37.1,19.6,28.1,2020,89
90,Montenegro,38.2,10.4,24.9,28.6,33.2,39.8,2020,90
91,Ghana,37.6,19.4,28.9,37.2,26.6,14.7,2020,91
92,Philippines,37.6,9.0,23.9,33.5,20.8,23.5,2020,91
93,Indonesia,37.3,10.6,24.5,37.4,18.3,25.1,2020,93
94,Bulgaria,36.7,9.6,23.8,30.1,29.1,49.4,2020,94
95,Albania,36.4,8.5,23.1,28.4,26.8,29.6,2020,95
96,Bosnia And Herzegovina,36.0,6.7,22.0,28.1,25.1,41.8,2020,96
97,Mexico,35.7,11.5,24.1,32.4,32.1,41.8,2020,97
98,Serbia,35.7,9.1,23.0,25.5,28.6,36.7,2020,97
99,Romania,35.3,10.0,23.2,29.0,30.5,48.9,2020,99
100,Tanzania,35.3,14.0,25.1,29.7,22.6,17.6,2020,99
101,Belarus,34.7,10.5,23.1,28.1,38.9,37.0,2020,101
102,Turkey,34.7,6.8,21.3,29.8,24.2,40.8,2020,101
103,Bolivia,34.6,10.9,23.3,28.1,25.1,39.3,2020,103
104,Morocco,34.3,8.9,22.2,30.1,24.5,35.2,2020,104
105,Moldova,33.7,8.4,21.6,26.0,27.8,27.6,2020,105
107,Ukraine,33.2,10.5,22.3,26.0,26.4,31.8,2020,107
108,Argentina,33.0,8.3,21.2,25.8,30.5,47.2,2020,108
109,Armenia,32.8,10.9,22.4,25.6,30.4,28.0,2020,109
110,Bangladesh,32.3,5.0,19.2,29.7,19.2,33.2,2020,110
112,Sri Lanka,31.6,7.7,20.2,35.1,18.8,24.5,2020,112
113,North Macedonia,31.6,6.5,19.6,24.9,23.3,37.2,2020,112
115,Nigeria,31.0,23.6,27.5,31.1,17.7,13.5,2020,115
116,Colombia,30.7,9.6,20.6,25.1,22.4,31.1,2020,116
117,Kazakhstan,30.6,9.8,20.7,24.3,29.9,38.4,2020,117
119,Algeria,30.1,5.3,18.3,30.7,15.9,28.7,2020,119
120,Azerbaijan,29.9,9.5,20.1,23.7,30.4,30.2,2020,120
121,Egypt,29.5,5.5,18.0,25.5,23.5,22.4,2020,121
122,Nepal,29.0,4.8,17.4,24.9,20.4,21.9,2020,122
123,Georgia,28.5,9.8,19.5,23.1,26.7,24.9,2020,123
126,Tunisia,27.0,5.5,16.7,25.3,14.9,34.5,2020,126
130,India,24.6,5.7,15.5,24.5,17.2,54.3,2020,130
132,Pakistan,22.0,4.6,13.7,19.1,16.8,30.6,2020,132
2,Switzerland,131.7,55.0,95.1,133.4,126.1,111.0,2021,2
3,Norway,106.1,36.2,72.7,100.6,105.9,79.4,2021,3
4,Iceland,96.8,43.2,71.2,88.8,102.2,71.9,2021,4
5,Denmark,91.7,36.2,65.2,72.6,104.9,94.7,2021,5
6,Luxembourg,88.3,61.6,75.5,80.7,94.7,95.4,2021,6
7,Japan,87.8,28.0,59.2,90.5,49.7,76.5,2021,7
8,Israel,86.6,31.9,60.5,73.7,91.1,70.4,2021,8
9,Bahamas,85.8,34.5,61.3,69.4,89.3,49.3,2021,9
10,Singapore,85.6,64.8,75.6,75.3,62.1,83.6,2021,10
11,Australia,84.1,38.4,62.3,81.1,76.3,99.3,2021,11
12,Ireland,83.1,45.4,65.1,67.8,82.3,73.8,2021,12
14,South Korea,81.2,22.9,53.3,99.8,44.0,76.6,2021,14
15,France,80.6,27.8,55.4,77.5,75.5,74.1,2021,15
17,Sweden,79.2,28.1,54.8,71.7,77.2,90.6,2021,17
18,New Zealand,79.1,35.4,58.2,75.0,69.2,81.4,2021,18
20,Netherlands,78.6,39.3,59.8,61.6,81.6,83.9,2021,20
21,Belgium,78.5,26.8,53.8,67.3,82.4,76.5,2021,21
22,Finland,77.5,28.0,53.9,65.6,81.2,89.1,2021,22
23,Lebanon,75.9,24.1,51.1,72.5,62.9,29.5,2021,23
24,Austria,75.5,28.4,53.0,67.6,71.0,78.2,2021,24
25,Malta,73.6,33.0,54.2,63.4,77.0,41.9,2021,25
26,Italy,73.1,22.9,49.1,62.5,75.6,58.7,2021,26
27,United States,71.9,41.1,57.2,70.2,69.4,102.6,2021,27
28,United Kingdom,71.0,31.6,52.2,56.4,74.7,82.6,2021,28
29,Germany,70.6,29.6,51.0,54.7,65.0,93.7,2021,29
30,Canada,70.1,32.5,52.1,68.5,64.0,82.8,2021,30
32,Puerto Rico,69.5,19.4,45.6,72.1,58.1,69.2,2021,32
34,Qatar,64.2,46.6,55.8,56.7,62.6,93.1,2021,34
35,Cyprus,64.0,22.7,44.3,51.7,66.3,52.3,2021,35
36,United Arab Emirates,61.7,40.6,51.6,48.8,61.3,85.7,2021,36
37,Greece,61.0,13.1,38.1,47.7,55.7,38.9,2021,37
38,Slovenia,59.4,18.9,40.0,51.5,47.9,56.1,2021,38
39,Spain,59.1,23.6,42.1,48.7,57.0,62.7,2021,39
40,Bahrain,57.7,29.5,44.2,47.0,52.3,53.2,2021,40
41,Estonia,56.5,16.3,37.3,43.3,56.3,61.2,2021,41
42,Croatia,56.4,14.9,36.6,49.1,46.1,43.1,2021,42
43,Palestine,55.9,10.0,34.0,50.2,36.2,39.1,2021,43
45,Trinidad And Tobago,55.5,16.4,36.8,53.1,52.2,39.0,2021,44
48,Panama,54.1,22.6,39.0,54.8,45.5,32.1,2021,48
49,Jamaica,53.2,15.9,35.4,55.9,33.1,32.2,2021,49
50,Portugal,52.9,22.3,38.3,42.0,43.2,45.0,2021,50
51,Latvia,52.9,13.2,33.9,41.4,44.9,45.9,2021,50
52,Mauritius,52.6,12.3,33.3,54.1,37.6,27.4,2021,52
54,Jordan,52.2,9.7,31.9,42.8,42.1,33.1,2021,54
56,Zimbabwe,51.5,9.4,31.4,45.6,39.3,22.1,2021,56
58,Uruguay,51.1,13.6,33.2,40.8,49.0,30.6,2021,58
59,Costa Rica,50.6,14.5,33.4,48.0,41.3,39.0,2021,59
60,Oman,50.2,17.3,34.5,46.9,41.9,84.4,2021,60
61,Saudi Arabia,49.9,11.6,31.6,41.7,32.0,88.2,2021,61
62,Kuwait,49.4,31.4,40.8,35.9,45.1,75.3,2021,62
64,Chile,49.3,14.7,32.8,41.8,46.0,33.3,2021,64
65,Thailand,49.3,16.3,33.6,50.6,24.2,31.4,2021,64
66,Czech Republic,49.2,19.8,35.1,42.8,34.7,56.4,2021,66
67,Slovakia,49.1,17.4,34.0,43.0,37.5,50.4,2021,67
69,Cambodia,47.9,14.6,32.0,48.6,23.1,11.4,2021,69
70,Lithuania,47.7,14.6,31.9,37.3,46.0,54.6,2021,70
71,Guatemala,44.8,15.2,30.7,41.7,32.5,25.6,2021,71
72,El Salvador,44.6,13.3,29.6,42.7,33.3,20.7,2021,72
74,Hungary,42.7,12.8,28.4,35.5,34.2,49.8,2021,74
76,China,42.5,16.4,30.1,45.5,28.4,57.5,2021,76
77,Honduras,42.2,10.6,27.1,35.1,28.7,31.1,2021,77
78,Poland,42.0,18.1,30.6,33.4,35.4,47.1,2021,78
79,South Africa,41.7,15.9,29.4,34.6,37.2,72.9,2021,79
80,Dominican Republic,41.5,9.8,26.4,36.1,35.3,21.7,2021,80
81,Montenegro,41.4,11.8,27.3,32.5,32.5,35.4,2021,81
82,Iran,41.3,17.9,30.1,36.3,25.9,19.0,2021,82
84,Bulgaria,40.9,9.9,26.1,35.2,31.9,40.3,2021,84
85,Philippines,40.7,10.4,26.2,38.9,22.2,19.7,2021,85
86,Ghana,40.6,18.4,30.0,41.2,31.5,15.2,2021,86
88,Albania,40.2,9.2,25.4,32.7,30.7,26.6,2021,88
89,Ecuador,40.1,12.0,26.7,36.4,28.5,30.5,2021,89
90,Malaysia,39.5,10.8,25.8,40.2,21.7,56.1,2021,90
91,Serbia,39.2,9.8,25.2,29.7,30.6,35.8,2021,91
92,Bosnia And Herzegovina,38.6,7.1,23.5,31.8,25.7,42.6,2021,92
93,Romania,38.5,10.8,25.2,33.4,32.4,45.2,2021,93
95,Vietnam,38.0,14.2,26.6,38.3,19.0,27.3,2021,95
96,Argentina,37.9,8.5,23.8,29.2,33.4,34.6,2021,96
97,Indonesia,37.4,10.3,24.5,39.4,18.0,20.9,2021,97
99,Morocco,36.9,9.7,23.9,32.8,26.3,32.2,2021,99
100,Kenya,36.3,9.2,23.3,33.4,30.5,27.7,2021,100
101,Peru,36.3,12.3,24.8,33.8,23.6,28.8,2021,100
102,Bolivia,36.1,10.8,24.0,31.9,25.2,37.2,2021,102
104,Mexico,35.1,11.6,23.9,33.6,28.9,35.5,2021,104
105,Tanzania,34.6,13.1,24.3,30.6,25.2,16.0,2021,105
106,North Macedonia,34.1,6.7,21.0,28.5,22.5,32.0,2021,106
108,Bangladesh,33.3,4.9,19.7,31.5,20.4,24.1,2021,108
110,Russia,33.2,9.8,22.0,27.8,30.6,34.6,2021,109
111,Iraq,32.7,9.8,21.8,27.5,25.6,39.8,2021,111
112,Moldova,32.7,8.7,21.2,26.1,26.6,27.0,2021,111
114,Brazil,31.8,8.1,20.5,25.4,22.5,28.7,2021,114
115,Armenia,31.7,10.4,21.5,24.6,27.2,26.1,2021,115
116,Turkey,31.5,6.1,19.4,28.1,19.9,35.3,2021,116
117,Sri Lanka,31.3,8.5,20.4,36.5,16.5,20.8,2021,117
118,Colombia,31.0,10.0,20.9,26.3,21.8,26.1,2021,118
119,Azerbaijan,30.9,9.0,20.4,26.2,28.7,25.8,2021,119
121,Belarus,30.7,9.2,20.4,26.6,31.0,32.0,2021,120
122,Egypt,30.1,6.0,18.6,26.5,24.9,20.0,2021,122
123,Kazakhstan,29.8,9.3,20.0,25.6,25.8,34.9,2021,123
124,Nigeria,29.7,28.9,29.3,31.2,18.0,9.8,2021,124
125,Tunisia,29.5,5.8,18.2,28.5,15.7,27.8,2021,125
127,Ukraine,29.2,8.7,19.4,24.3,23.7,30.1,2021,127
129,Nepal,28.9,4.5,17.2,26.5,19.7,20.6,2021,129
130,Algeria,28.3,5.0,17.2,29.1,15.0,24.8,2021,130
132,Georgia,28.0,9.4,19.1,24.4,24.2,25.7,2021,132
135,India,25.2,5.8,15.9,26.3,17.7,47.1,2021,135
138,Pakistan,21.6,4.4,13.4,19.1,17.2,27.3,2021,138
2,Switzerland,123.3,53.5,90.6,128.1,122.1,118.4,2022,2
3,Norway,100.9,34.7,69.9,97.3,105.5,83.1,2022,3
4,Iceland,94.9,41.9,70.1,90.2,99.4,77.1,2022,4
7,Israel,88.1,33.9,62.7,76.7,95.3,75.6,2022,7
8,Denmark,84.1,33.2,60.3,68.6,98.8,99.5,2022,8
9,Bahamas,84.0,35.3,61.2,70.6,89.1,45.1,2022,9
10,Singapore,84.0,66.4,75.8,77.1,61.2,91.3,2022,9
13,Luxembourg,80.5,60.1,70.9,74.7,88.8,98.8,2022,13
14,Australia,77.7,36.8,58.6,77.4,73.0,104.6,2022,14
15,Japan,77.0,25.9,53.0,81.3,45.4,87.1,2022,15
16,Ireland,76.1,42.1,60.1,62.1,80.4,82.3,2022,16
17,Netherlands,75.7,36.1,57.1,65.5,76.4,88.0,2022,17
18,New Zealand,74.5,34.4,55.7,72.0,70.1,83.6,2022,18
19,France,74.1,25.3,51.3,73.6,71.8,85.4,2022,19
20,South Korea,73.2,20.0,48.3,92.0,42.1,76.9,2022,20
21,Finland,73.2,25.9,51.0,65.2,77.6,91.0,2022,20
22,Belgium,72.6,25.8,50.7,63.3,78.6,79.7,2022,22
23,Sweden,71.7,25.9,50.2,65.8,72.6,98.1,2022,23
24,Austria,71.0,27.1,50.5,65.9,66.0,77.3,2022,24
25,Canada,70.2,34.3,53.4,70.0,67.9,88.0,2022,25
26,United States,70.1,42.1,57.0,70.4,70.1,106.3,2022,26
27,United Kingdom,69.7,31.8,51.9,56.6,76.8,88.8,2022,27
28,Lebanon,69.6,24.8,48.6,66.8,54.2,35.1,2022,28
29,Malta,67.8,29.7,50.0,59.6,72.4,44.2,2022,29
31,Puerto Rico,66.5,18.4,44.0,69.6,55.6,72.8,2022,31
32,Italy,66.5,20.6,44.9,58.0,70.6,61.7,2022,31
34,Germany,65.6,27.6,47.8,52.3,60.9,103.1,2022,34
35,Qatar,62.8,48.2,56.0,55.0,63.0,93.7,2022,35
37,Cyprus,59.0,22.4,41.8,49.2,61.1,57.3,2022,37
38,United Arab Emirates,58.3,43.3,51.3,46.7,61.5,92.2,2022,38
39,Palestine,58.1,11.0,36.0,51.2,44.6,39.8,2022,39
41,Greece,56.2,12.7,35.8,44.7,52.2,39.7,2022,41
43,Trinidad And Tobago,54.9,16.0,36.6,54.0,53.7,38.5,2022,43
44,Bahrain,54.8,29.2,42.8,44.6,48.9,61.4,2022,44
45,Slovenia,53.9,17.9,37.0,47.7,46.7,59.5,2022,45
46,Spain,53.9,21.3,38.6,45.7,54.0,70.0,2022,45
47,Estonia,53.7,16.4,36.2,42.3,56.4,63.5,2022,47
49,Uruguay,52.1,13.9,34.2,44.0,49.4,30.1,2022,49
51,Panama,51.4,21.7,37.5,52.2,43.4,33.1,2022,51
53,Saudi Arabia,50.4,11.7,32.2,42.6,35.5,91.8,2022,53
55,Jamaica,49.7,15.1,33.5,53.4,35.0,30.3,2022,55
56,Oman,49.4,16.8,34.1,46.5,43.2,84.2,2022,56
57,Jordan,49.2,9.2,30.5,40.8,41.2,31.3,2022,57
58,Cambodia,49.1,15.7,33.4,50.6,22.9,13.3,2022,58
59,Croatia,48.9,13.4,32.3,42.0,41.3,47.5,2022,59
60,Kuwait,48.7,31.3,40.5,35.6,47.5,78.6,2022,60
61,Latvia,48.5,11.8,31.3,38.4,42.1,51.6,2022,61
63,Czech Republic,48.2,18.4,34.3,42.8,36.7,66.5,2022,63
64,Portugal,47.9,20.7,35.2,39.0,40.3,46.8,2022,64
67,Costa Rica,47.0,14.7,31.9,45.5,41.7,39.9,2022,66
68,Zimbabwe,45.7,8.8,28.4,39.9,38.1,19.1,2022,68
69,Lithuania,45.6,15.0,31.3,36.2,46.6,58.7,2022,69
70,Slovakia,44.7,16.1,31.3,39.7,36.1,54.7,2022,70
71,El Salvador,44.4,13.2,29.8,44.3,35.5,21.2,2022,71
72,Mauritius,44.1,11.0,28.6,45.6,33.4,29.6,2022,72
73,Chile,43.9,13.5,29.7,38.9,43.3,33.3,2022,73
74,Guatemala,43.5,15.6,30.4,41.9,32.6,26.4,2022,74
75,Thailand,43.2,14.7,29.8,45.1,22.6,31.6,2022,76
78,South Africa,42.1,16.6,30.1,34.8,41.3,78.4,2022,78
79,Dominican Republic,41.8,9.6,26.7,38.5,34.3,21.1,2022,79
80,China,41.8,16.5,29.9,46.0,28.4,60.0,2022,79
81,Hungary,40.7,11.9,27.2,35.2,32.8,52.0,2022,81
82,Honduras,40.5,10.3,26.3,34.7,28.7,32.1,2022,82
86,Poland,39.0,14.4,27.5,32.4,33.5,60.0,2022,86
87,Montenegro,38.9,12.9,26.7,31.8,33.2,34.2,2022,87
88,Bulgaria,38.4,9.1,24.6,34.0,32.4,46.0,2022,88
89,Vietnam,37.5,13.2,26.1,38.7,20.0,29.4,2022,89
90,Iran,37.4,17.0,27.9,29.5,25.2,18.0,2022,90
91,Ecuador,37.3,11.3,25.1,34.5,28.6,31.8,2022,91
92,Philippines,37.1,9.6,24.2,37.8,20.6,21.5,2022,92
93,Malaysia,37.0,9.9,24.3,39.4,20.8,55.3,2022,93
94,Serbia,36.2,8.7,23.3,28.2,29.2,37.8,2022,94
95,Ghana,36.2,19.3,28.3,37.5,30.1,16.8,2022,94
96,Bosnia And Herzegovina,36.1,6.8,22.4,31.1,25.3,44.1,2022,96
97,Indonesia,35.9,9.8,23.6,38.3,17.7,21.1,2022,97
99,Albania,35.5,8.5,22.8,29.3,25.8,30.2,2022,99
100,Mexico,35.3,12.6,24.7,34.8,32.7,38.6,2022,100
101,Russia,35.3,13.1,24.9,29.9,34.6,37.4,2022,100
102,Romania,35.2,10.2,23.5,31.4,30.0,48.1,2022,102
103,Bolivia,34.8,10.2,23.2,31.3,25.0,36.0,2022,103
105,Argentina,34.7,7.7,22.0,28.2,33.3,30.7,2022,104
107,Iraq,34.5,10.6,23.3,30.5,28.3,40.9,2022,107
108,Kenya,33.9,8.7,22.1,31.3,28.8,32.2,2022,108
109,Armenia,33.9,11.6,23.4,27.6,30.5,28.9,2022,108
110,Morocco,33.8,9.0,22.2,30.6,24.5,34.4,2022,110
112,Brazil,33.2,8.3,21.5,28.2,25.2,27.8,2022,112
113,Bangladesh,33.1,4.4,19.7,30.4,21.7,25.3,2022,113
115,Tanzania,32.8,12.4,23.2,30.0,24.9,16.0,2022,115
116,Peru,32.5,11.2,22.5,30.7,21.5,28.2,2022,116
118,North Macedonia,31.4,6.1,19.5,27.0,21.0,35.4,2022,118
119,Sri Lanka,31.3,8.2,20.5,37.7,17.3,19.3,2022,119
120,Belarus,30.9,9.8,21.0,27.2,31.6,31.8,2022,120
121,Ukraine,30.7,10.6,21.3,26.3,25.7,37.2,2022,121
122,Nigeria,30.5,36.0,33.1,33.7,20.9,9.3,2022,122
123,Moldova,30.3,8.7,20.2,25.0,27.1,33.4,2022,123
125,Georgia,30.2,9.3,20.4,26.4,27.9,31.1,2022,124
126,Azerbaijan,29.7,7.9,19.5,26.6,26.7,27.3,2022,126
127,Egypt,29.5,5.8,18.4,27.4,23.4,21.5,2022,127
129,Kazakhstan,28.7,9.4,19.7,25.3,27.2,32.2,2022,129
130,Turkey,28.3,6.6,18.2,22.6,18.4,32.9,2022,130
131,Nepal,28.3,4.0,16.9,26.4,20.4,23.0,2022,130
132,Tunisia,27.9,5.3,17.3,27.4,16.0,27.8,2022,132
135,Algeria,26.9,4.6,16.4,28.8,14.5,24.6,2022,135
136,Colombia,26.7,8.2,18.0,23.5,19.4,28.9,2022,136
137,India,24.4,5.3,15.5,26.4,17.6,49.7,2022,137
139,Pakistan,19.9,3.9,12.4,17.8,15.5,26.6,2022,139
2,Switzerland,114.2,50.2,83.5,113.9,109.5,118.7,2023,2
4,Bahamas,90.9,39.6,66.3,74.1,94.8,43.2,2023,4
6,Norway,88.6,30.9,60.9,81.8,90.6,95.0,2023,6
7,Singapore,85.9,85.3,85.6,74.0,58.4,95.6,2023,7
8,Iceland,83.3,36.7,61.0,78.3,86.9,90.1,2023,8
10,Denmark,78.6,30.4,55.5,62.4,91.9,105.0,2023,10
11,Israel,76.4,30.4,54.4,63.8,85.0,80.5,2023,11
13,Australia,75.3,39.0,57.9,73.3,66.2,110.9,2023,13
14,Luxembourg,73.2,48.3,61.3,67.0,78.9,127.1,2023,14
15,New Zealand,72.9,31.9,53.2,69.4,69.7,93.0,2023,15
16,United States,72.4,47.1,60.3,71.4,70.8,115.7,2023,16
18,Ireland,70.5,44.4,58.0,55.8,71.9,82.6,2023,18
19,South Korea,70.4,17.5,45.0,87.5,37.6,85.5,2023,19
21,France,68.7,24.6,47.5,65.1,66.9,86.2,2023,21
22,Netherlands,68.6,33.4,51.7,57.4,67.6,107.8,2023,22
23,Finland,67.5,22.7,46.0,58.2,70.4,98.8,2023,23
24,Puerto Rico,67.0,23.2,46.0,66.4,59.0,62.1,2023,24
25,Canada,66.1,33.4,50.4,64.2,62.8,102.1,2023,25
26,Austria,66.0,23.1,45.4,58.0,63.5,91.2,2023,26
27,Lebanon,65.8,19.2,43.5,65.3,48.0,22.7,2023,27
28,Belgium,65.6,22.4,44.9,54.5,69.0,94.5,2023,28
29,Japan,64.6,20.8,43.6,66.5,37.9,100.4,2023,29
30,Germany,62.9,26.1,45.3,50.9,56.2,107.6,2023,30
31,Sweden,62.9,22.7,43.6,55.2,64.3,101.2,2023,30
33,United Kingdom,61.5,30.3,46.6,47.7,67.9,98.9,2023,33
34,Malta,61.4,25.7,44.3,52.0,64.7,50.6,2023,34
35,Italy,61.3,20.5,41.7,51.9,61.9,66.5,2023,35
36,United Arab Emirates,60.3,34.0,47.6,46.6,56.6,123.4,2023,36
37,Uruguay,59.9,15.9,38.8,48.1,59.5,38.4,2023,37
38,Qatar,59.5,50.0,54.9,47.7,58.3,123.6,2023,38
40,Cyprus,55.9,27.4,42.2,45.0,55.0,54.8,2023,40
43,Estonia,54.8,16.4,36.4,42.4,55.1,61.4,2023,43
44,Greece,54.6,12.9,34.6,42.4,50.1,41.9,2023,44
46,Jamaica,53.6,13.6,34.4,55.1,37.1,28.9,2023,46
47,Trinidad And Tobago,53.3,13.7,34.3,51.5,50.4,38.9,2023,47
48,Bahrain,52.7,25.4,39.6,40.9,47.3,81.7,2023,48
50,Latvia,50.9,10.9,31.7,40.2,43.7,52.9,2023,50
51,Slovenia,50.8,16.6,34.4,43.9,43.6,61.7,2023,51
52,Palestine,50.7,9.6,31.0,43.7,37.5,39.8,2023,52
53,Spain,50.6,21.7,36.7,41.0,51.5,82.5,2023,53
54,Saudi Arabia,50.6,12.0,32.1,41.7,38.0,101.9,2023,53
55,Czech Republic,48.9,19.1,34.7,40.7,36.6,71.8,2023,55
56,Costa Rica,48.8,14.9,32.5,46.7,41.4,41.5,2023,56
57,Lithuania,48.8,16.8,33.4,39.0,48.1,56.7,2023,56
58,Panama,48.2,19.7,34.5,46.0,41.4,36.4,2023,58
60,Oman,47.8,15.8,32.5,42.6,40.1,108.2,2023,60
62,Kuwait,46.8,27.1,37.4,32.9,42.2,96.7,2023,62
63,Jordan,46.8,8.8,28.6,38.7,40.6,38.0,2023,62
64,Croatia,46.7,12.2,30.2,39.5,39.5,56.2,2023,64
66,Portugal,45.3,21.9,34.1,36.0,38.7,51.7,2023,66
67,Cambodia,44.5,13.8,29.8,43.9,26.2,15.5,2023,67
68,Slovakia,44.2,14.9,30.2,40.0,33.6,56.3,2023,68
69,Chile,44.1,13.4,29.4,39.9,42.4,37.3,2023,69
70,El Salvador,43.3,14.8,29.6,43.5,31.3,22.7,2023,70
73,Mauritius,42.2,10.9,27.2,41.6,32.3,30.8,2023,73
74,Dominican Republic,41.8,11.9,27.5,36.8,33.9,23.0,2023,74
76,Russia,40.8,12.8,27.4,33.4,39.2,40.9,2023,77
77,Armenia,40.8,23.5,32.5,34.3,36.1,25.5,2023,77
78,Zimbabwe,40.8,11.5,26.7,35.0,32.5,18.7,2023,77
79,Thailand,40.7,13.3,27.6,42.0,21.0,33.2,2023,79
80,Bulgaria,40.5,10.0,25.9,35.7,35.8,51.2,2023,80
81,Guatemala,40.2,13.8,27.5,38.9,28.5,29.7,2023,81
82,Hungary,39.2,11.6,26.0,34.8,32.3,53.1,2023,82
83,China,39.2,18.8,29.4,41.0,27.0,62.3,2023,82
84,Georgia,38.9,19.3,29.5,33.9,36.7,25.9,2023,84
85,Montenegro,38.9,13.5,26.7,32.4,32.9,40.4,2023,84
86,Honduras,38.8,9.3,24.7,33.1,26.2,35.4,2023,86
87,Poland,38.6,16.0,27.8,30.8,34.0,64.0,2023,87
89,South Africa,37.8,14.0,26.4,30.1,34.8,83.9,2023,89
90,Albania,37.4,9.1,23.9,31.3,26.5,30.1,2023,90
91,Romania,37.4,9.9,24.2,32.0,33.0,52.5,2023,90
92,Mexico,37.3,12.8,25.5,36.6,34.0,43.5,2023,92
93,Serbia,37.2,10.6,24.4,30.6,30.2,39.6,2023,93
96,Vietnam,35.7,11.2,24.0,35.9,18.1,31.5,2023,96
97,Belarus,35.4,10.0,23.2,31.0,37.2,36.4,2023,97
98,Iran,35.2,14.6,25.3,26.2,24.6,21.1,2023,98
99,Bosnia And Herzegovina,35.1,5.9,21.1,30.8,21.8,48.6,2023,99
100,Ecuador,35.1,9.7,22.9,31.9,26.6,37.0,2023,99
101,Malaysia,35.0,9.8,22.9,36.7,20.5,65.7,2023,101
102,Brazil,34.7,8.3,22.1,29.3,26.4,28.7,2023,102
104,Philippines,34.0,9.8,22.4,33.4,20.9,22.4,2023,104
107,Peru,32.4,11.1,22.2,29.4,22.3,31.3,2023,107
108,Kenya,32.4,7.8,20.6,29.8,27.0,32.8,2023,107
109,Moldova,32.3,8.3,20.8,26.8,27.7,33.1,2023,109
111,Bolivia,31.9,8.2,20.5,27.8,23.4,37.4,2023,111
112,Iraq,31.4,9.2,20.8,26.6,25.1,44.5,2023,112
113,North Macedonia,31.4,5.7,19.1,27.1,21.3,38.2,2023,112
115,Argentina,31.2,6.9,19.5,25.7,26.8,36.8,2023,115
116,Indonesia,31.2,8.3,20.2,33.1,16.0,27.5,2023,115
117,Nigeria,30.9,33.3,32.0,32.4,22.2,8.4,2023,117
118,Tanzania,30.8,9.9,20.8,28.4,21.9,20.5,2023,118
120,Morocco,29.3,7.5,18.8,25.4,19.7,33.6,2023,120
121,Azerbaijan,28.9,7.5,18.7,25.4,26.9,32.0,2023,121
124,Kazakhstan,28.1,11.5,20.2,25.0,26.4,38.1,2023,124
125,Turkey,28.1,7.2,18.1,23.2,18.3,31.0,2023,124
126,Algeria,27.6,4.3,16.5,30.1,13.6,26.9,2023,126
128,Ghana,26.7,14.6,20.9,26.5,23.6,17.2,2023,128
129,Bangladesh,26.6,3.2,15.4,25.2,16.6,26.9,2023,129
130,Tunisia,26.5,5.0,16.2,25.6,14.4,30.0,2023,130
133,Ukraine,25.6,8.1,17.2,22.2,21.2,38.1,2023,133
134,Sri Lanka,25.3,5.4,15.8,31.0,12.0,16.0,2023,134
135,Nepal,24.8,3.7,14.7,22.8,17.3,21.8,2023,135
137,Colombia,23.1,7.0,15.4,21.0,17.3,31.1,2023,137
138,India,22.4,5.5,14.3,23.3,15.7,64.6,2023,138
139,Egypt,21.6,4.3,13.3,19.6,18.0,21.9,2023,139
140,Pakistan,18.0,3.4,11.0,15.4,13.7,24.4,2023,140
2,Switzerland,112.2,52.8,84.0,116.7,104.1,118.9,2024,2
5,Bahamas,88.5,41.8,66.3,80.5,80.4,38.0,2024,5
6,Iceland,85.7,41.0,64.5,86.5,88.0,109.1,2024,6
7,Singapore,81.9,71.9,77.1,75.0,55.3,103.0,2024,7
9,Norway,79.2,27.8,54.8,77.5,75.9,94.9,2024,9
10,Denmark,75.2,28.6,53.1,65.0,82.6,103.3,2024,10
12,United States,72.9,44.7,59.5,74.2,68.4,120.9,2024,12
13,Australia,72.8,36.6,55.6,73.9,66.9,93.6,2024,13
15,Canada,68.4,36.0,53.1,70.7,64.0,83.3,2024,15
16,New Zealand,68.2,28.8,49.5,71.7,58.8,93.0,2024,16
18,Israel,67.2,31.2,50.1,60.2,71.9,79.5,2024,18
19,Austria,66.8,23.7,46.4,64.8,59.0,84.4,2024,19
20,Ireland,66.5,47.3,57.4,58.9,65.9,82.0,2024,20
21,France,66.0,22.3,45.3,68.6,57.9,83.4,2024,21
22,Finland,65.5,20.8,44.3,61.6,63.8,97.3,2024,22
23,Luxembourg,65.3,42.4,54.4,65.1,69.4,148.9,2024,23
24,Puerto Rico,64.4,25.3,45.9,64.1,50.3,77.1,2024,24
25,South Korea,64.4,17.1,42.0,83.1,32.4,90.6,2024,24
26,Netherlands,64.3,34.5,50.2,57.4,61.0,103.3,2024,26
27,United Kingdom,63.7,33.5,49.4,55.5,63.9,90.1,2024,27
28,Belgium,63.0,21.4,43.3,56.1,67.8,90.7,2024,28
29,Germany,62.7,26.3,45.4,57.6,52.5,101.0,2024,29
30,Sweden,62.2,23.1,43.6,61.8,56.1,94.6,2024,30
32,Italy,58.9,21.1,41.0,56.8,55.0,62.8,2024,32
33,United Arab Emirates,57.8,46.9,52.6,45.0,50.0,98.7,2024,33
34,Cyprus,57.1,25.0,41.8,49.3,54.0,59.4,2024,34
37,Uruguay,55.3,15.2,36.3,50.3,50.4,47.0,2024,37
38,Malta,55.1,25.3,40.9,49.9,57.5,58.3,2024,38
39,Qatar,55.0,40.4,48.1,44.3,49.5,127.4,2024,39
40,Greece,54.2,13.6,34.9,47.9,52.9,42.1,2024,40
41,Bahrain,53.7,22.6,39.0,46.4,43.4,83.6,2024,41
42,Costa Rica,53.6,16.5,36.0,54.2,44.1,37.0,2024,42
43,Trinidad And Tobago,53.6,13.3,34.5,53.9,44.6,35.4,2024,42
44,Jamaica,53.1,13.4,34.3,57.2,38.4,28.1,2024,44
45,Estonia,53.0,15.5,35.2,45.2,48.8,69.0,2024,45
46,Latvia,51.4,11.7,32.6,42.6,46.2,51.9,2024,46
47,Japan,50.7,15.1,33.8,55.4,30.9,99.5,2024,47
50,Slovenia,49.3,17.0,34.0,46.3,41.2,68.0,2024,50
52,Czech Republic,48.6,21.0,35.5,44.1,34.5,64.9,2024,52
53,Lithuania,48.4,15.8,32.9,43.6,45.1,61.8,2024,53
54,Spain,48.4,23.6,36.6,45.1,44.0,78.2,2024,53
56,Slovakia,47.9,15.1,32.4,45.1,35.5,55.8,2024,56
57,Panama,47.4,21.5,35.1,46.4,43.2,34.7,2024,57
58,Saudi Arabia,47.4,12.2,30.7,40.8,32.9,105.1,2024,57
59,Croatia,46.9,14.5,31.5,42.6,42.6,58.0,2024,59
60,Portugal,46.6,25.4,36.5,42.9,37.9,46.5,2024,60
61,Lebanon,46.3,16.5,32.2,33.4,37.8,20.7,2024,61
65,Oman,44.4,13.3,29.7,39.5,33.5,109.6,2024,65
67,Mexico,43.8,17.0,31.1,45.6,36.7,38.0,2024,67
68,Kuwait,43.4,24.3,34.4,33.8,36.9,128.5,2024,68
69,Hungary,43.4,11.3,28.2,39.5,36.7,49.8,2024,68
70,Palestine,43.3,8.4,26.8,40.6,27.4,37.4,2024,70
72,Jordan,43.0,7.6,26.2,36.9,35.8,36.4,2024,72
74,Poland,41.9,19.2,31.1,35.9,35.7,66.2,2024,74
75,El Salvador,41.1,16.8,29.6,42.7,30.5,22.2,2024,75
76,Montenegro,40.9,16.6,29.4,36.3,35.6,41.8,2024,76
77,Albania,40.8,10.2,26.3,39.4,31.0,31.6,2024,77
78,Chile,39.9,11.5,26.4,40.6,35.1,36.4,2024,78
79,Mauritius,39.8,11.0,26.2,41.4,27.1,32.8,2024,79
83,Dominican Republic,39.0,11.2,25.8,36.6,33.2,23.5,2024,83
84,Romania,38.8,10.6,25.4,36.4,35.0,48.4,2024,84
85,Bulgaria,38.7,9.9,25.1,37.6,32.8,52.6,2024,85
86,Armenia,38.6,19.5,29.5,34.1,36.2,32.1,2024,86
88,Cambodia,38.5,10.2,25.1,41.6,22.2,16.9,2024,88
89,Serbia,38.3,12.7,26.2,35.0,30.4,39.6,2024,89
90,Guatemala,37.7,12.9,25.9,39.1,27.9,29.7,2024,90
91,Honduras,37.3,10.3,24.5,36.6,26.5,35.1,2024,91
92,Georgia,37.2,15.5,26.9,35.7,34.5,27.9,2024,92
93,Zimbabwe,37.0,10.1,24.2,33.4,26.1,21.5,2024,93
94,Thailand,36.0,12.4,24.8,41.0,18.4,32.9,2024,94
95,Brazil,35.2,9.0,22.8,32.4,26.0,30.1,2024,95
97,Bosnia And Herzegovina,34.7,5.7,21.0,32.7,22.0,47.1,2024,97
98,Moldova,34.6,9.8,22.8,31.0,26.6,35.2,2024,98
99,China,34.1,13.4,24.3,37.6,21.0,60.5,2024,99
100,North Macedonia,34.1,6.8,21.1,31.2,22.8,37.0,2024,99
101,Turkey,33.8,13.2,24.0,30.3,25.8,39.3,2024,101
102,South Africa,33.8,11.8,23.4,27.6,28.7,84.7,2024,101
103,Ecuador,33.6,8.9,21.9,34.0,24.8,36.4,2024,104
104,Philippines,33.6,8.3,21.6,35.2,17.9,25.9,2024,104
106,Kazakhstan,33.5,13.6,24.0,31.9,29.7,36.8,2024,106
107,Sri Lanka,33.2,6.0,20.3,44.6,16.7,14.4,2024,107
110,Azerbaijan,31.1,8.1,20.2,28.4,30.1,29.4,2024,110
111,Peru,30.9,9.7,20.8,30.7,21.4,27.3,2024,111
113,Vietnam,30.8,9.7,20.8,34.6,14.9,32.5,2024,112
114,Colombia,30.6,8.8,20.3,30.6,20.9,28.1,2024,114
115,Malaysia,30.5,8.2,19.9,35.4,18.3,62.1,2024,115
117,Iraq,30.2,8.2,19.8,27.4,20.7,42.0,2024,117
119,Morocco,29.9,7.8,19.4,28.8,19.3,30.4,2024,119
120,Algeria,29.5,4.1,17.5,35.6,13.1,25.4,2024,120
121,Russia,29.5,9.9,20.2,25.9,26.2,41.5,2024,120
122,Egypt,29.1,5.5,17.9,27.8,21.7,15.2,2024,122
124,Tunisia,28.7,5.0,17.4,30.0,15.2,25.7,2024,124
125,Ukraine,28.6,8.5,19.0,26.6,22.2,32.2,2024,125
126,Indonesia,28.5,8.3,18.9,33.6,14.4,25.8,2024,126
127,Bolivia,28.3,7.4,18.4,25.9,19.7,32.3,2024,127
128,Argentina,27.8,6.8,17.8,25.6,23.6,35.8,2024,128
131,Belarus,27.1,8.2,18.2,24.4,25.3,39.6,2024,130
132,Nepal,26.9,4.0,16.1,24.8,17.6,20.3,2024,133
133,Iran,26.9,8.9,18.4,21.5,16.5,21.2,2024,133
136,Tanzania,26.0,8.0,17.5,25.8,20.3,21.6,2024,136
137,Ghana,26.0,11.0,18.8,27.2,22.9,14.8,2024,136
140,Bangladesh,24.9,2.7,14.4,26.6,14.0,25.8,2024,140
141,Kenya,24.8,7.1,16.4,23.8,18.3,30.6,2024,141
143,India,22.2,6.2,14.6,23.5,15.6,60.7,2024,143
145,Nigeria,19.3,15.4,17.4,21.4,13.3,9.4,2024,145
146,Pakistan,18.5,2.9,11.1,16.4,12.7,24.5,2024,146
2,Switzerland,98.4,45.2,74.8,103.1,98.4,159.7,2025,1
3,Iceland,83.4,43.7,65.9,90.3,94.7,123.5,2025,3
4,Bahamas,81.4,46.9,66.1,79.1,94.5,58.4,2025,4
5,Singapore,79.1,67.0,73.7,70.8,53.5,93.8,2025,5
8,Norway,69.0,24.8,49.4,71.9,74.6,119.5,2025,8
10,Denmark,66.9,25.7,48.6,61.0,80.8,133.6,2025,10
12,Israel,65.2,27.1,48.3,61.2,74.5,110.0,2025,12
13,United States,64.9,40.9,54.3,71.7,69.3,146.2,2025,13
14,Luxembourg,64.8,42.2,54.8,65.3,72.8,177.1,2025,14
15,Australia,60.9,29.8,47.1,67.9,59.2,135.4,2025,15
16,Austria,60.7,22.0,43.6,62.2,59.7,107.1,2025,16
17,Netherlands,60.5,32.1,47.9,56.8,67.7,129.9,2025,17
18,Ireland,59.8,39.0,50.6,56.9,65.8,108.9,2025,18
19,United Kingdom,59.2,30.0,46.3,54.8,65.3,119.9,2025,19
20,Puerto Rico,58.7,19.9,41.5,63.1,53.4,111.0,2025,21
21,Finland,58.7,19.1,41.1,59.4,64.7,124.5,2025,21
22,Canada,58.7,30.3,46.1,65.3,59.9,109.1,2025,21
23,Germany,58.4,22.4,42.4,56.7,57.5,127.1,2025,23
24,France,58.0,19.4,41.0,63.6,56.1,110.0,2025,24
26,South Korea,56.5,15.1,38.2,74.5,32.8,105.0,2025,26
27,Belgium,56.5,19.3,40.1,54.6,67.1,116.1,2025,26
28,New Zealand,55.3,23.4,41.2,62.2,53.8,130.5,2025,28
29,Sweden,54.2,19.1,38.7,55.5,56.0,130.3,2025,29
30,United Arab Emirates,54.1,39.7,47.8,42.4,59.9,128.3,2025,30
31,Italy,51.0,17.7,36.3,53.5,53.0,85.1,2025,31
32,Jamaica,50.3,17.7,35.9,59.6,42.8,36.4,2025,32
33,Costa Rica,50.1,18.5,36.1,56.2,47.8,50.9,2025,33
34,Cyprus,49.5,24.0,38.2,47.0,52.7,80.4,2025,34
35,Estonia,49.4,14.1,33.8,45.1,54.0,84.2,2025,35
36,Trinidad And Tobago,48.9,13.7,33.3,54.1,45.2,46.1,2025,36
38,Bahrain,48.3,20.4,36.0,46.2,47.6,117.5,2025,38
39,Malta,48.0,23.3,37.1,48.1,55.1,75.3,2025,39
40,Qatar,47.5,34.4,41.7,42.2,46.4,177.9,2025,40
41,Greece,46.5,11.8,31.1,44.4,51.1,59.5,2025,41
42,Uruguay,46.3,12.5,31.3,46.5,49.5,54.1,2025,42
43,Slovenia,46.2,18.9,34.1,45.8,43.9,83.6,2025,43
44,Japan,45.6,14.1,31.6,54.5,29.4,119.8,2025,44
48,Lithuania,44.0,14.4,30.9,40.1,49.1,79.8,2025,48
49,Panama,43.9,22.5,34.4,49.6,41.9,46.3,2025,49
50,Spain,43.5,21.2,33.6,43.0,46.1,98.1,2025,50
51,Latvia,43.4,10.0,28.6,40.6,43.2,75.8,2025,51
52,Croatia,43.2,14.5,30.5,40.9,46.8,78.8,2025,52
54,Czech Republic,42.6,17.6,31.5,41.0,35.3,88.5,2025,54
55,Slovakia,42.1,14.1,29.7,43.1,35.7,74.0,2025,55
56,Saudi Arabia,41.9,11.5,28.4,40.2,33.9,146.1,2025,56
58,Portugal,41.2,22.2,32.8,40.5,38.4,59.7,2025,58
60,Kuwait,40.4,21.9,32.2,33.7,40.8,174.0,2025,60
61,Albania,39.9,11.7,27.4,40.4,38.2,42.7,2025,61
62,Oman,39.8,12.0,27.5,38.9,38.4,150.3,2025,62
63,Armenia,39.6,17.6,29.9,34.5,42.3,37.6,2025,63
64,Palestine,39.5,7.8,25.5,41.0,32.8,48.9,2025,64
67,Poland,38.9,16.1,28.8,34.7,39.5,91.4,2025,66
68,Lebanon,38.8,13.6,27.7,31.2,40.9,35.1,2025,68
71,El Salvador,37.9,15.6,28.0,42.8,32.4,33.8,2025,71
72,Jordan,37.2,7.7,24.1,35.3,37.2,51.7,2025,72
73,Guatemala,36.8,12.6,26.1,41.7,34.8,38.6,2025,73
74,Hungary,36.6,11.1,25.3,35.4,36.2,70.7,2025,74
75,Montenegro,36.3,14.9,26.8,34.7,37.7,56.8,2025,75
77,Serbia,35.9,12.2,25.4,34.1,35.5,57.6,2025,77
79,Argentina,35.7,9.9,24.3,37.0,39.8,41.1,2025,79
80,Mauritius,35.6,9.7,24.1,39.1,29.9,49.4,2025,80
81,Bulgaria,35.4,10.1,24.2,36.7,36.7,74.4,2025,81
82,Chile,35.1,10.6,24.3,38.1,36.8,51.0,2025,82
83,Zimbabwe,34.7,8.5,23.1,33.9,33.2,29.6,2025,83
84,Turkey,34.7,12.8,25.0,35.6,34.1,51.2,2025,83
86,Honduras,34.6,10.2,23.8,39.0,31.5,42.5,2025,85
87,Mexico,34.5,14.1,25.4,38.2,36.0,46.9,2025,87
88,Dominican Republic,34.3,9.8,23.5,36.2,33.3,31.4,2025,88
89,Romania,34.0,9.6,23.2,33.9,35.7,73.1,2025,89
90,Cambodia,33.9,9.4,23.0,40.9,24.4,26.7,2025,90
92,Thailand,33.7,11.9,24.1,40.5,21.4,46.0,2025,92
93,Sri Lanka,33.5,6.3,21.5,49.9,23.3,18.2,2025,93
95,Tanzania,31.8,8.8,21.6,27.1,22.0,22.1,2025,95
96,Bosnia And Herzegovina,31.6,6.1,20.3,32.9,24.1,63.3,2025,96
97,Moldova,30.8,12.6,22.7,29.5,27.2,46.3,2025,97
98,China,30.7,11.6,22.2,34.2,21.8,77.9,2025,98
99,Ghana,30.6,12.1,22.4,33.3,30.1,16.7,2025,99
101,Georgia,30.4,12.8,22.6,31.2,33.5,39.6,2025,101
102,North Macedonia,30.3,6.8,19.9,30.2,24.7,59.7,2025,102
103,Ecuador,30.0,8.0,20.3,33.2,27.1,45.6,2025,103
104,South Africa,30.0,11.1,21.6,27.5,29.3,111.2,2025,103
105,Malaysia,29.7,8.1,20.1,37.3,22.1,83.8,2025,105
106,Azerbaijan,29.5,9.0,20.4,28.3,33.1,41.4,2025,106
107,Peru,29.4,9.2,20.5,32.4,25.3,38.2,2025,107
109,Philippines,28.8,6.9,19.1,34.3,19.0,37.3,2025,109
110,Kenya,28.2,7.6,19.1,30.2,25.0,35.1,2025,110
111,Morocco,27.2,7.1,18.3,28.8,22.2,41.7,2025,111
112,Iraq,26.9,7.3,18.2,27.9,22.9,54.5,2025,112
113,Vietnam,26.6,9.2,18.9,32.1,16.8,42.3,2025,113
114,Kazakhstan,26.6,10.5,19.4,27.4,28.0,50.8,2025,113
115,Nigeria,26.4,21.8,24.4,31.8,21.6,10.6,2025,115
117,Colombia,26.0,8.1,18.1,27.7,22.9,36.0,2025,116
119,Brazil,25.6,7.2,17.4,25.9,22.5,42.3,2025,119
120,Tunisia,25.5,4.6,16.3,31.0,16.1,34.7,2025,120
122,Bolivia,25.2,8.3,17.7,25.9,22.4,43.9,2025,122
123,Belarus,25.0,8.7,17.8,24.7,27.5,54.7,2025,123
124,Indonesia,24.6,7.7,17.1,32.5,15.2,33.9,2025,124
125,Ukraine,24.6,7.8,17.1,25.2,21.9,46.3,2025,124
126,Algeria,24.5,3.4,15.2,33.2,14.5,34.5,2025,126
128,Iran,23.6,8.5,16.9,20.8,16.9,28.4,2025,128
131,Nepal,23.0,3.0,14.1,24.0,18.7,29.0,2025,130
132,Russia,22.3,7.5,15.8,21.8,21.8,56.2,2025,132
133,Bangladesh,20.9,2.4,12.7,25.2,15.4,35.6,2025,133
136,India,19.5,5.0,13.1,22.5,16.6,82.2,2025,136
137,Egypt,19.0,3.5,12.2,19.7,18.2,21.1,2025,137
139,Pakistan,17.8,2.9,11.2,17.2,15.0,30.5,2025,139
